id,title,acronym,year,venue_type,source,source_url,official_url,url,deadline,open_from,open_until,open_status,paid_or_free,fee_text,is_oa,publisher,country,issn,topics,subject_area,primary_topic,works_count,cited_by_count,h_index,impact_score,sjr,quartile,overall_rank,quality_score,prestige_score,prestige_label,source_quality_score,url_confidence,data_origin,is_verified,verification_notes,raw_text,scraped_at
6,Nature,N/A,2026,journal,OpenAlex Sources API,https://openalex.org/S137773608,https://www.nature.com/nature/,https://www.nature.com/nature/,Rolling,Continuous,Continuous,rolling_journal,subscription_or_unknown,9750 EUR; 11690 USD; 8490 GBP,False,Nature Portfolio,GB,"0028-0836, 1476-4687","Science, Research, and Medicine, History and Developments in Astronomy, Human auditory perception and evaluation, Biotechnology and Related Fields, Astro and Planetary Science, History and advancements in chemistry, Geology and Paleoclimatology Research, History of Science and Natural History",General Research,General Research,448565.0,26886402.0,1840.0,16.572411228852946,6.75,Q1,1,8295605.72,270.0,Very High,95.0,95.0,OpenAlex live API,yes,OpenAlex live data with automatic fallback enrichment.,General Research journal published by Nature Portfolio.,2026-05-26 19:38:32
8,Science,N/A,2026,journal,OpenAlex Sources API,https://openalex.org/S3880285,http://www.sciencemag.org/,http://www.sciencemag.org/,Rolling,Continuous,Continuous,rolling_journal,subscription_or_unknown,Fee not available,False,American Association for the Advancement of Science,US,"0036-8075, 1095-9203","Diverse Scientific and Economic Studies, Science, Research, and Medicine, Human auditory perception and evaluation, Academic Writing and Publishing, Earthquake and Disaster Impact Studies, Academic Publishing and Open Access, Astro and Planetary Science, History and advancements in chemistry",General Research,General Research,386819.0,22598230.0,1746.0,18.28118006103764,6.75,Q1,1,6993664.96,270.0,Very High,95.0,95.0,OpenAlex live API,yes,OpenAlex live data with automatic fallback enrichment.,General Research journal published by American Association for the Advancement of Science.,2026-05-26 19:38:32
18,Journal of the American Chemical Society,N/A,2026,journal,OpenAlex Sources API,https://openalex.org/S111155417,http://pubs.acs.org/journals/jacsat/index.html,http://pubs.acs.org/journals/jacsat/index.html,Rolling,Continuous,Continuous,rolling_journal,subscription_or_unknown,Fee not available,False,American Chemical Society,US,"0002-7863, 1520-5126, 1943-2984","Inorganic and Organometallic Chemistry, Various Chemistry Research Topics, Electrochemical Analysis and Applications, Chemical Reaction Mechanisms, History and advancements in chemistry, Asymmetric Synthesis and Catalysis, Photochemistry and Electron Transfer Studies, Analytical Chemistry and Chromatography",General Research,General Research,220481.0,15594347.0,892.0,14.687729541388078,6.75,Q1,1,4790286.59,270.0,Very High,95.0,95.0,OpenAlex live API,yes,OpenAlex live data with automatic fallback enrichment.,General Research journal published by American Chemical Society.,2026-05-26 19:38:34
26,New England Journal of Medicine,N/A,2026,journal,OpenAlex Sources API,https://openalex.org/S62468778,http://www.nejm.org/,http://www.nejm.org/,Rolling,Continuous,Continuous,rolling_journal,subscription_or_unknown,Fee not available,False,Massachusetts Medical Society,US,"0028-4793, 1533-4406","Diverse Scientific and Economic Studies, Human auditory perception and evaluation, Medical History and Innovations, Legal Cases and Commentary, Legal case studies and regulations, History of Medical Practice, Medical Imaging and Pathology Studies, Healthcare Policy and Management",General Research,General Research,190259.0,12279802.0,1501.0,27.120245398773005,6.75,Q1,1,3854422.51,270.0,Very High,95.0,95.0,OpenAlex live API,yes,OpenAlex live data with automatic fallback enrichment.,General Research journal published by Massachusetts Medical Society.,2026-05-26 19:38:36
5,The Lancet,N/A,2026,journal,OpenAlex Sources API,https://openalex.org/S49861241,https://www.sciencedirect.com/journal/the-lancet,https://www.sciencedirect.com/journal/the-lancet,Rolling,Continuous,Continuous,rolling_journal,subscription_or_unknown,6830 USD,False,Elsevier BV,NL,"0140-6736, 1474-547X","Human auditory perception and evaluation, Diverse Scientific and Economic Studies, Earthquake and Disaster Impact Studies, Primary Care and Health Outcomes, Medical History and Innovations, Healthcare Policy and Management, History of Medical Practice, Educational Leadership and Practices",General Research,General Research,475499.0,10303912.0,1201.0,17.72066596194503,6.75,Q1,1,3259709.53,270.0,Very High,95.0,95.0,OpenAlex live API,yes,OpenAlex live data with automatic fallback enrichment.,General Research journal published by Elsevier BV.,2026-05-26 19:38:32
79,Nature Communications,N/A,2026,journal,OpenAlex Sources API,https://openalex.org/S64187185,http://www.nature.com/ncomms/index.html,http://www.nature.com/ncomms/index.html,Rolling,Continuous,Continuous,rolling_journal,paid_oa,3920 GBP,True,Nature Portfolio,GB,2041-1723,"RNA and protein synthesis mechanisms, RNA modifications and cancer, RNA Research and Splicing, CRISPR and Genetic Engineering, Epigenetics and DNA Methylation, Genomics and Chromatin Dynamics, Neural dynamics and brain function, Topological Materials and Phenomena",General Research,General Research,88686.0,7391400.0,735.0,15.285114727028793,6.6,Q1,1,2300552.86,263.87,Very High,95.0,95.0,OpenAlex live API,yes,OpenAlex live data with automatic fallback enrichment.,General Research journal published by Nature Portfolio.,2026-05-26 19:38:49
17,JAMA,N/A,2026,journal,OpenAlex Sources API,https://openalex.org/S172573765,http://jama.ama-assn.org/,http://jama.ama-assn.org/,Rolling,Continuous,Continuous,rolling_journal,subscription_or_unknown,Fee not available,False,American Medical Association,US,"0098-7484, 1538-3598","Healthcare Policy and Management, History of Medical Practice, Pharmaceutical industry and healthcare, Primary Care and Health Outcomes, Medicine and Dermatology Studies History, Human auditory perception and evaluation, Health Systems, Economic Evaluations, Quality of Life, Medical Malpractice and Liability Issues",General Research,General Research,268895.0,6962059.0,997.0,7.791525805724588,6.58,Q1,1,2215596.78,263.37,Very High,95.0,95.0,OpenAlex live API,yes,OpenAlex live data with automatic fallback enrichment.,General Research journal published by American Medical Association.,2026-05-26 19:38:34
89,The Science of The Total Environment,N/A,2026,journal,OpenAlex Sources API,https://openalex.org/S86852077,https://www.journals.elsevier.com/science-of-the-total-environment,https://www.journals.elsevier.com/science-of-the-total-environment,Rolling,Continuous,Continuous,rolling_journal,subscription_or_unknown,3870 USD; 3530 EUR; 3100 GBP; 434830 JPY,False,Elsevier BV,NL,"0048-9697, 1879-1026","Air Quality and Health Impacts, Heavy metals in environment, Toxic Organic Pollutants Impact, Pharmaceutical and Antibiotic Environmental Impacts, Atmospheric chemistry and aerosols, Microplastics and Plastic Pollution, Environmental Toxicology and Ecotoxicology, Mercury impact and mitigation studies",General Research,General Research,83786.0,3985238.0,485.0,9.971582883257167,6.58,Q1,1,1252948.58,263.29,Very High,95.0,95.0,OpenAlex live API,yes,OpenAlex live data with automatic fallback enrichment.,General Research journal published by Elsevier BV.,2026-05-26 19:38:51
92,Angewandte Chemie International Edition,N/A,2026,journal,OpenAlex Sources API,https://openalex.org/S67393510,https://onlinelibrary.wiley.com/journal/15213773,https://onlinelibrary.wiley.com/journal/15213773,Rolling,Continuous,Continuous,rolling_journal,subscription_or_unknown,5250 USD; 3500 GBP; 4220 EUR,False,Wiley,DE,"1433-7851, 1521-3773","Catalytic C–H Functionalization Methods, Asymmetric Hydrogenation and Catalysis, Asymmetric Synthesis and Catalysis, Chemical Synthesis and Analysis, Metal-Organic Frameworks: Synthesis and Applications, Synthetic Organic Chemistry Methods, Catalytic Cross-Coupling Reactions, Electrocatalysts for Energy Conversion",General Research,General Research,80769.0,6512259.0,727.0,13.383362191090823,6.58,Q1,1,2035123.77,263.08,Very High,95.0,95.0,OpenAlex live API,yes,OpenAlex live data with automatic fallback enrichment.,General Research journal published by Wiley.,2026-05-26 19:38:52
42,Physical Review Letters,N/A,2026,journal,OpenAlex Sources API,https://openalex.org/S24807848,http://journals.aps.org/prl/,http://journals.aps.org/prl/,Rolling,Continuous,Continuous,rolling_journal,subscription_or_unknown,3750 USD,False,American Physical Society,US,"0031-9007, 1079-7114, 1092-0145","Physics of Superconductivity and Magnetism, Quantum and electron transport phenomena, Particle physics theoretical and experimental studies, Cold Atom Physics and Bose-Einstein Condensates, Quantum Chromodynamics and Particle Interactions, Theoretical and Computational Physics, Quantum, superfluid, helium dynamics, Advanced Chemical Physics Studies",General Research,General Research,145687.0,13332868.0,975.0,7.7817032888122935,6.57,Q1,1,4112318.19,262.91,Very High,95.0,95.0,OpenAlex live API,yes,OpenAlex live data with automatic fallback enrichment.,General Research journal published by American Physical Society.,2026-05-26 19:38:40
29,Proceedings of the National Academy of Sciences,N/A,2026,journal,OpenAlex Sources API,https://openalex.org/S125754415,http://www.pnas.org/,http://www.pnas.org/,Rolling,Continuous,Continuous,rolling_journal,subscription_or_unknown,Fee not available,False,National Academy of Sciences,US,"0027-8424, 1091-6490","RNA and protein synthesis mechanisms, Bacterial Genetics and Biotechnology, Neuroscience and Neuropharmacology Research, Monoclonal and Polyclonal Antibodies Research, RNA Research and Splicing, Immune Cell Function and Interaction, DNA Repair Mechanisms, T-cell and B-cell Immunology",General Research,General Research,170590.0,22735681.0,1166.0,7.559159745969712,6.57,Q1,1,6954741.26,262.68,Very High,95.0,95.0,OpenAlex live API,yes,OpenAlex live data with automatic fallback enrichment.,General Research journal published by National Academy of Sciences.,2026-05-26 19:38:37
103,Chemical Engineering Journal,N/A,2026,journal,OpenAlex Sources API,https://openalex.org/S149937609,https://www.journals.elsevier.com/chemical-engineering-journal,https://www.journals.elsevier.com/chemical-engineering-journal,Rolling,Continuous,Continuous,rolling_journal,subscription_or_unknown,4180 USD; 3810 EUR; 3350 GBP; 469660 JPY,False,Elsevier BV,CH,"1385-8947, 1873-3212","Advanced Photocatalysis Techniques, Advancements in Battery Materials, Catalytic Processes in Materials Science, Advanced oxidation water treatment, Advanced Battery Materials and Technologies, Advanced battery technologies research, Supercapacitor Materials and Fabrication, Advanced Sensor and Energy Harvesting Materials",General Research,General Research,75317.0,3277190.0,387.0,9.834781115879828,6.55,Q1,1,1029880.44,262.04,Very High,95.0,95.0,OpenAlex live API,yes,OpenAlex live data with automatic fallback enrichment.,General Research journal published by Elsevier BV.,2026-05-26 19:38:54
162,Nucleic Acids Research,N/A,2026,journal,OpenAlex Sources API,https://openalex.org/S134668137,http://nar.oxfordjournals.org/,http://nar.oxfordjournals.org/,Rolling,Continuous,Continuous,rolling_journal,paid_oa,3630 USD,True,Oxford University Press,GB,"0305-1048, 1362-4954, 1362-4962","RNA and protein synthesis mechanisms, RNA modifications and cancer, DNA and Nucleic Acid Chemistry, RNA Research and Splicing, DNA Repair Mechanisms, Genomics and Phylogenetic Studies, Genomics and Chromatin Dynamics, Advanced biosensing and bioanalysis techniques",General Research,General Research,56014.0,6048830.0,876.0,13.883170659568176,6.52,Q1,1,1908544.56,260.6,Very High,95.0,95.0,OpenAlex live API,yes,OpenAlex live data with automatic fallback enrichment.,General Research journal published by Oxford University Press.,2026-05-26 19:39:10
111,Environmental Science & Technology,N/A,2026,journal,OpenAlex Sources API,https://openalex.org/S13479253,http://pubs.acs.org/journals/esthag/,http://pubs.acs.org/journals/esthag/,Rolling,Continuous,Continuous,rolling_journal,subscription_or_unknown,Fee not available,False,American Chemical Society,US,"0013-936X, 1520-5851","Toxic Organic Pollutants Impact, Atmospheric chemistry and aerosols, Air Quality and Health Impacts, History and advancements in chemistry, Chemistry and Chemical Engineering, Water Quality Monitoring and Analysis, Heavy metals in environment, Pharmaceutical and Antibiotic Environmental Impacts",General Research,General Research,69927.0,4181735.0,585.0,9.43504132231405,6.51,Q1,1,1320484.95,260.3,Very High,95.0,95.0,OpenAlex live API,yes,OpenAlex live data with automatic fallback enrichment.,General Research journal published by American Chemical Society.,2026-05-26 19:38:57
219,Journal of Cleaner Production,N/A,2026,journal,OpenAlex Sources API,https://openalex.org/S58516903,https://www.journals.elsevier.com/journal-of-cleaner-production,https://www.journals.elsevier.com/journal-of-cleaner-production,Rolling,Continuous,Continuous,rolling_journal,subscription_or_unknown,4100 USD; 3740 EUR; 3280 GBP; 460680 JPY,False,Elsevier BV,NL,"0959-6526, 1879-1786","Environmental Impact and Sustainability, Sustainable Supply Chain Management, Environmental Sustainability in Business, Energy, Environment, Economic Growth, Recycling and Waste Management Techniques, Concrete and Cement Materials Research, Extraction and Separation Processes, Agriculture Sustainability and Environmental Impact",General Research,General Research,49467.0,2917743.0,444.0,11.504513540621865,6.5,Q1,1,925244.83,259.95,Very High,95.0,95.0,OpenAlex live API,yes,OpenAlex live data with automatic fallback enrichment.,General Research journal published by Elsevier BV.,2026-05-26 19:39:30
262,Advanced Materials,N/A,2026,journal,OpenAlex Sources API,https://openalex.org/S99352657,http://www.advmat.de/,http://www.advmat.de/,Rolling,Continuous,Continuous,rolling_journal,subscription_or_unknown,5250 USD; 3960 GBP; 4580 EUR,False,Unknown Publisher,DE,"0935-9648, 1521-4095","Conducting polymers and applications, Advanced Sensor and Energy Harvesting Materials, Perovskite Materials and Applications, Organic Electronics and Photovoltaics, Advancements in Battery Materials, Advanced Battery Materials and Technologies, Quantum Dots Synthesis And Properties, Electrocatalysts for Energy Conversion",General Research,General Research,44261.0,4741365.0,741.0,19.953358011634055,6.49,Q1,1,1501933.27,259.43,Very High,95.0,95.0,OpenAlex live API,yes,OpenAlex live data with automatic fallback enrichment.,General Research journal published by Unknown Publisher.,2026-05-26 19:39:39
283,Advanced Functional Materials,N/A,2026,journal,OpenAlex Sources API,https://openalex.org/S135204980,http://onlinelibrary.wiley.com/journal/10.1002/(ISSN)1616-3028,http://onlinelibrary.wiley.com/journal/10.1002/(ISSN)1616-3028,Rolling,Continuous,Continuous,rolling_journal,subscription_or_unknown,5250 USD; 3960 GBP; 4580 EUR,False,Wiley,DE,"1616-301X, 1616-3028","Advanced Sensor and Energy Harvesting Materials, Conducting polymers and applications, Advancements in Battery Materials, Advanced Battery Materials and Technologies, Perovskite Materials and Applications, Organic Electronics and Photovoltaics, Advanced battery technologies research, Supercapacitor Materials and Fabrication",General Research,General Research,41631.0,2459899.0,473.0,13.521102197418905,6.48,Q1,1,790108.86,259.16,Very High,95.0,95.0,OpenAlex live API,yes,OpenAlex live data with automatic fallback enrichment.,General Research journal published by Wiley.,2026-05-26 19:39:45
209,Journal of Colloid and Interface Science,N/A,2026,journal,OpenAlex Sources API,https://openalex.org/S204609040,http://www.journals.elsevier.com/journal-of-colloid-and-interface-science/,http://www.journals.elsevier.com/journal-of-colloid-and-interface-science/,Rolling,Continuous,Continuous,rolling_journal,subscription_or_unknown,3860 USD; 3520 EUR; 3090 GBP; 433710 JPY,False,Elsevier BV,US,"0021-9797, 1095-7103","Surfactants and Colloidal Systems, Advanced Photocatalysis Techniques, Electrostatics and Colloid Interactions, Electrocatalysts for Energy Conversion, Advanced battery technologies research, Advancements in Battery Materials, Surface Modification and Superhydrophobicity, Pickering emulsions and particle stabilization",General Research,General Research,50221.0,2100302.0,365.0,9.627195550351288,6.47,Q1,1,672094.06,258.9,Very High,95.0,95.0,OpenAlex live API,yes,OpenAlex live data with automatic fallback enrichment.,General Research journal published by Elsevier BV.,2026-05-26 19:39:28
145,International Journal of Hydrogen Energy,N/A,2026,journal,OpenAlex Sources API,https://openalex.org/S48860480,http://www.journals.elsevier.com/international-journal-of-hydrogen-energy/,http://www.journals.elsevier.com/international-journal-of-hydrogen-energy/,Rolling,Continuous,Continuous,rolling_journal,subscription_or_unknown,3400 USD; 3100 EUR; 2720 GBP; 382020 JPY,False,Elsevier BV,GB,"0360-3199, 1879-3487","Electrocatalysts for Energy Conversion, Fuel Cells and Related Materials, Hydrogen Storage and Materials, Hybrid Renewable Energy Systems, Catalytic Processes in Materials Science, Advanced battery technologies research, Catalysts for Methane Reforming, Advanced Photocatalysis Techniques",General Research,General Research,59209.0,2132237.0,332.0,8.824208594586327,6.43,Q1,1,679233.21,257.39,Very High,95.0,95.0,OpenAlex live API,yes,OpenAlex live data with automatic fallback enrichment.,General Research journal published by Elsevier BV.,2026-05-26 19:39:06
45,Analytical Chemistry,N/A,2026,journal,OpenAlex Sources API,https://openalex.org/S191963794,http://pubs.acs.org/journal/ancham,http://pubs.acs.org/journal/ancham,Rolling,Continuous,Continuous,rolling_journal,subscription_or_unknown,Fee not available,False,American Chemical Society,US,"0003-2700, 1520-6882","History and advancements in chemistry, Electrochemical Analysis and Applications, Analytical Chemistry and Chromatography, Mass Spectrometry Techniques and Applications, Chemistry and Chemical Engineering, Advanced biosensing and bioanalysis techniques, Inorganic and Organometallic Chemistry, Various Chemistry Research Topics",General Research,General Research,140116.0,4118612.0,482.0,6.03746679714805,6.43,Q1,1,1298097.07,257.12,Very High,95.0,95.0,OpenAlex live API,yes,OpenAlex live data with automatic fallback enrichment.,General Research journal published by American Chemical Society.,2026-05-26 19:38:41
203,Chemosphere,N/A,2026,journal,OpenAlex Sources API,https://openalex.org/S203465130,http://www.elsevier.com/locate/chemosphere,http://www.elsevier.com/locate/chemosphere,Rolling,Continuous,Continuous,rolling_journal,subscription_or_unknown,3610 USD; 3290 EUR; 2890 GBP; 405620 JPY,False,Elsevier BV,GB,"0045-6535, 1879-1298","Toxic Organic Pollutants Impact, Pharmaceutical and Antibiotic Environmental Impacts, Environmental Toxicology and Ecotoxicology, Heavy metals in environment, Effects and risks of endocrine disrupting chemicals, Advanced oxidation water treatment, Advanced Photocatalysis Techniques, Pesticide and Herbicide Environmental Studies",General Research,General Research,51130.0,2370561.0,379.0,8.897948448185165,6.42,Q1,1,754626.2,256.81,Very High,95.0,95.0,OpenAlex live API,yes,OpenAlex live data with automatic fallback enrichment.,General Research journal published by Elsevier BV.,2026-05-26 19:39:27
264,Energy,N/A,2026,journal,OpenAlex Sources API,https://openalex.org/S2497375143,http://www.journals.elsevier.com/energy,http://www.journals.elsevier.com/energy,Rolling,Continuous,Continuous,rolling_journal,subscription_or_unknown,3980 USD; 3630 EUR; 3190 GBP; 447190 JPY,False,Elsevier BV,GB,"0360-5442, 1873-6785","Thermodynamic and Exergetic Analyses of Power and Cooling Systems, Integrated Energy Systems Optimization, Building Energy and Comfort Optimization, Thermochemical Biomass Conversion Processes, Smart Grid Energy Management, Solar Thermal and Photovoltaic Systems, Advanced Battery Technologies Research, Advanced Combustion Engine Technologies",General Research,General Research,43895.0,1795196.0,317.0,9.017457913957424,6.41,Q1,1,575099.17,256.44,Very High,95.0,95.0,OpenAlex live API,yes,OpenAlex live data with automatic fallback enrichment.,General Research journal published by Elsevier BV.,2026-05-26 19:39:40
269,Journal of Hazardous Materials,N/A,2026,journal,OpenAlex Sources API,https://openalex.org/S145089992,https://www.journals.elsevier.com/journal-of-hazardous-materials,https://www.journals.elsevier.com/journal-of-hazardous-materials,Rolling,Continuous,Continuous,rolling_journal,subscription_or_unknown,4170 USD; 3800 EUR; 3340 GBP; 468540 JPY,False,Elsevier BV,NL,"0304-3894, 1873-3336","Adsorption and biosorption for pollutant removal, Advanced oxidation water treatment, Microplastics and Plastic Pollution, Advanced Photocatalysis Techniques, Pharmaceutical and Antibiotic Environmental Impacts, Heavy metals in environment, Environmental remediation with nanomaterials, Toxic Organic Pollutants Impact",General Research,General Research,42565.0,2464577.0,422.0,9.016668506457666,6.41,Q1,1,786280.43,256.31,Very High,95.0,95.0,OpenAlex live API,yes,OpenAlex live data with automatic fallback enrichment.,General Research journal published by Elsevier BV.,2026-05-26 19:39:41
202,Food Chemistry,N/A,2026,journal,OpenAlex Sources API,https://openalex.org/S98026630,http://www.elsevier.com/wps/find/journaldescription.cws_home/405857/description#description,http://www.elsevier.com/wps/find/journaldescription.cws_home/405857/description#description,Rolling,Continuous,Continuous,rolling_journal,subscription_or_unknown,4300 USD; 3920 EUR; 3440 GBP; 483150 JPY,False,Elsevier BV,GB,"0308-8146, 1873-7072","Phytochemicals and Antioxidant Activities, Meat and Animal Product Quality, Proteins in Food Systems, Food composition and properties, Fermentation and Sensory Analysis, Protein Hydrolysis and Bioactive Peptides, Advanced Chemical Sensor Technologies, Polysaccharides Composition and Applications",General Research,General Research,51139.0,2670117.0,394.0,8.415235950839666,6.38,Q1,1,845969.76,255.36,Very High,95.0,95.0,OpenAlex live API,yes,OpenAlex live data with automatic fallback enrichment.,General Research journal published by Elsevier BV.,2026-05-26 19:39:27
331,Journal of Clinical Investigation,N/A,2026,journal,OpenAlex Sources API,https://openalex.org/S114430552,http://www.jci.org/,http://www.jci.org/,Rolling,Continuous,Continuous,rolling_journal,paid_oa,5200 USD,True,American Society for Clinical Investigation,US,"0021-9738, 1558-8238","Immune Cell Function and Interaction, T-cell and B-cell Immunology, Pancreatic function and diabetes, Monoclonal and Polyclonal Antibodies Research, Immunotherapy and Immune Responses, Cell Adhesion Molecules Research, Adipose Tissue and Metabolism, Diet and metabolism studies",General Research,General Research,37552.0,4888015.0,710.0,8.719402985074627,6.37,Q1,1,1541595.67,254.91,Very High,95.0,95.0,OpenAlex live API,yes,OpenAlex live data with automatic fallback enrichment.,General Research journal published by American Society for Clinical Investigation.,2026-05-26 19:39:56
230,Construction and Building Materials,N/A,2026,journal,OpenAlex Sources API,https://openalex.org/S29980478,https://www.journals.elsevier.com/construction-and-building-materials,https://www.journals.elsevier.com/construction-and-building-materials,Rolling,Continuous,Continuous,rolling_journal,subscription_or_unknown,3780 USD; 3450 EUR; 3030 GBP; 424720 JPY,False,Elsevier BV,GB,"0950-0618, 1879-0526","Concrete and Cement Materials Research, Innovative concrete reinforcement materials, Asphalt Pavement Performance Evaluation, Structural Behavior of Reinforced Concrete, Infrastructure Maintenance and Monitoring, Concrete Corrosion and Durability, Magnesium Oxide Properties and Applications, Innovations in Concrete and Construction Materials",General Research,General Research,47768.0,2063043.0,344.0,8.377072758037224,6.37,Q1,1,658508.55,254.91,Very High,95.0,95.0,OpenAlex live API,yes,OpenAlex live data with automatic fallback enrichment.,General Research journal published by Elsevier BV.,2026-05-26 19:39:33
115,ACS Applied Materials & Interfaces,N/A,2026,journal,OpenAlex Sources API,https://openalex.org/S164001016,http://pubs.acs.org/journal/aamick,http://pubs.acs.org/journal/aamick,Rolling,Continuous,Continuous,rolling_journal,subscription_or_unknown,Fee not available,False,American Chemical Society,US,"1944-8244, 1944-8252","Advancements in Battery Materials, Advanced Sensor and Energy Harvesting Materials, Conducting polymers and applications, Advanced Battery Materials and Technologies, Perovskite Materials and Applications, Supercapacitor Materials and Fabrication, Advanced Photocatalysis Techniques, Electrocatalysts for Energy Conversion",General Research,General Research,69002.0,3250775.0,370.0,7.301494565217391,6.35,Q1,1,1019497.77,253.8,Very High,95.0,95.0,OpenAlex live API,yes,OpenAlex live data with automatic fallback enrichment.,General Research journal published by American Chemical Society.,2026-05-26 19:38:58
49,The Astrophysical Journal,N/A,2026,journal,OpenAlex Sources API,https://openalex.org/S1980519,http://iopscience.org/apj,http://iopscience.org/apj,Rolling,Continuous,Continuous,rolling_journal,paid_oa,4499 USD,True,IOP Publishing,GB,"0004-637X, 1538-4357","Stellar, planetary, and galactic studies, Astronomy and Astrophysical Research, Astrophysics and Star Formation Studies, Galaxies: Formation, Evolution, Phenomena, Astrophysical Phenomena and Observations, Solar and Space Plasma Dynamics, Astro and Planetary Science, Gamma-ray bursts and supernovae",General Research,General Research,133482.0,7481136.0,698.0,4.944192606023975,6.33,Q1,1,2327736.21,253.18,Very High,95.0,95.0,OpenAlex live API,yes,OpenAlex live data with automatic fallback enrichment.,General Research journal published by IOP Publishing.,2026-05-26 19:38:42
56,International Journal of Molecular Sciences,N/A,2026,journal,OpenAlex Sources API,https://openalex.org/S10623703,http://www.mdpi.com/journal/ijms/,http://www.mdpi.com/journal/ijms/,Rolling,Continuous,Continuous,rolling_journal,paid_oa,2300 CHF,True,Multidisciplinary Digital Publishing Institute,CH,"1422-0067, 1661-6596","MicroRNA in disease regulation, Plant Molecular Biology Research, Cancer-related molecular mechanisms research, RNA modifications and cancer, Plant Stress Responses and Tolerance, Epigenetics and DNA Methylation, Photosynthetic Processes and Mechanisms, Extracellular vesicles in disease",General Research,General Research,111522.0,3042448.0,416.0,5.64487286022935,6.33,Q1,1,965768.84,253.09,Very High,95.0,95.0,OpenAlex live API,yes,OpenAlex live data with automatic fallback enrichment.,General Research journal published by Multidisciplinary Digital Publishing Institute.,2026-05-26 19:38:43
13,Scientific Reports,N/A,2026,journal,OpenAlex Sources API,https://openalex.org/S196734849,http://www.nature.com/srep/index.html,http://www.nature.com/srep/index.html,Rolling,Continuous,Continuous,rolling_journal,paid_oa,1890 EUR; 1690 GBP; 2190 USD,True,Nature Portfolio,GB,2045-2322,"Cancer-related molecular mechanisms research, MicroRNA in disease regulation, RNA modifications and cancer, Gut microbiota and health, Neural dynamics and brain function, Liver Disease Diagnosis and Treatment, Plant and animal studies, Epigenetics and DNA Methylation",General Research,General Research,296504.0,7718666.0,457.0,4.310421551509105,6.32,Q1,1,2391165.72,252.93,Very High,95.0,95.0,OpenAlex live API,yes,OpenAlex live data with automatic fallback enrichment.,General Research journal published by Nature Portfolio.,2026-05-26 19:38:33
221,American Journal of Psychiatry,N/A,2026,journal,OpenAlex Sources API,https://openalex.org/S116025658,http://ajp.psychiatryonline.org/,http://ajp.psychiatryonline.org/,Rolling,Continuous,Continuous,rolling_journal,subscription_or_unknown,Fee not available,False,American Psychiatric Association,US,"0002-953X, 1535-7228","Mental Health and Psychiatry, Child and Adolescent Psychosocial and Emotional Development, Psychotherapy Techniques and Applications, Schizophrenia research and treatment, Attention Deficit Hyperactivity Disorder, Mental Health Treatment and Access, Treatment of Major Depression, Bipolar Disorder and Treatment",General Research,General Research,49215.0,2254728.0,552.0,7.240700218818381,6.29,Q1,1,736901.94,251.64,Very High,95.0,95.0,OpenAlex live API,yes,OpenAlex live data with automatic fallback enrichment.,General Research journal published by American Psychiatric Association.,2026-05-26 19:39:31
59,IEEE Access,N/A,2026,journal,OpenAlex Sources API,https://openalex.org/S2485537415,http://ieeexplore.ieee.org/servlet/opac?punumber=6287639,http://ieeexplore.ieee.org/servlet/opac?punumber=6287639,Rolling,Continuous,Continuous,rolling_journal,paid_oa,1850 USD,True,Institute of Electrical and Electronics Engineers,US,2169-3536,"Advanced MIMO Systems Optimization, Microgrid Control and Optimization, IoT and Edge/Fog Computing, Advanced Neural Network Applications, Network Security and Intrusion Detection, Energy Harvesting in Wireless Networks, Anomaly Detection Techniques and Applications, Antenna Design and Analysis",General Research,General Research,108435.0,2440340.0,364.0,5.159867142946669,6.28,Q1,1,779603.49,251.32,Very High,95.0,95.0,OpenAlex live API,yes,OpenAlex live data with automatic fallback enrichment.,General Research journal published by Institute of Electrical and Electronics Engineers.,2026-05-26 19:38:44
40,The Journal of Chemical Physics,N/A,2026,journal,OpenAlex Sources API,https://openalex.org/S77047749,http://jcp.aip.org/,http://jcp.aip.org/,Rolling,Continuous,Continuous,rolling_journal,subscription_or_unknown,3500 USD,False,American Institute of Physics,US,"0021-9606, 1089-7690, 1520-9032","Advanced Chemical Physics Studies, Spectroscopy and Quantum Chemical Studies, Spectroscopy and Laser Applications, Material Dynamics and Properties, Photochemistry and Electron Transfer Studies, Quantum, superfluid, helium dynamics, Atmospheric Ozone and Climate, Phase Equilibria and Thermodynamics",General Research,General Research,151445.0,7826364.0,705.0,3.739130434782609,6.28,Q1,1,2433740.66,251.22,Very High,95.0,95.0,OpenAlex live API,yes,OpenAlex live data with automatic fallback enrichment.,General Research journal published by American Institute of Physics.,2026-05-26 19:38:40
316,Journal of Materials Chemistry A,N/A,2026,journal,OpenAlex Sources API,https://openalex.org/S2764437742,http://www.rsc.org/Publishing/Journals/ta,http://www.rsc.org/Publishing/Journals/ta,Rolling,Continuous,Continuous,rolling_journal,subscription_or_unknown,Fee not available,False,Royal Society of Chemistry,GB,"2050-7488, 2050-7496","Advancements in Battery Materials, Electrocatalysts for Energy Conversion, Advanced Battery Materials and Technologies, Supercapacitor Materials and Fabrication, Advanced Photocatalysis Techniques, Advanced battery technologies research, Conducting polymers and applications, Perovskite Materials and Applications",General Research,General Research,38805.0,2017154.0,358.0,7.331933810817485,6.27,Q1,1,645193.3,250.88,Very High,95.0,95.0,OpenAlex live API,yes,OpenAlex live data with automatic fallback enrichment.,General Research journal published by Royal Society of Chemistry.,2026-05-26 19:39:52
293,Journal of Power Sources,N/A,2026,journal,OpenAlex Sources API,https://openalex.org/S177147899,http://www.elsevier.com/wps/find/journaldescription.cws_home/504093/description,http://www.elsevier.com/wps/find/journaldescription.cws_home/504093/description,Rolling,Continuous,Continuous,rolling_journal,subscription_or_unknown,4110 USD; 3750 EUR; 3290 GBP; 461800 JPY,False,Elsevier BV,NL,"0378-7753, 1873-2755","Advancements in Battery Materials, Advanced Battery Materials and Technologies, Advanced Battery Technologies Research, Fuel Cells and Related Materials, Electrocatalysts for Energy Conversion, Supercapacitor Materials and Fabrication, Advanced battery technologies research, Advancements in Solid Oxide Fuel Cells",General Research,General Research,40752.0,2214668.0,411.0,6.956445993031359,6.25,Q1,1,709923.42,249.94,Very High,95.0,95.0,OpenAlex live API,yes,OpenAlex live data with automatic fallback enrichment.,General Research journal published by Elsevier BV.,2026-05-26 19:39:47
44,Applied Physics Letters,N/A,2026,journal,OpenAlex Sources API,https://openalex.org/S105243760,http://apl.aip.org/,http://apl.aip.org/,Rolling,Continuous,Continuous,rolling_journal,subscription_or_unknown,Fee not available,False,American Institute of Physics,US,"0003-6951, 1077-3118, 1520-8842","Semiconductor Quantum Structures and Devices, Semiconductor materials and devices, Photonic and Optical Devices, GaN-based semiconductor devices and materials, ZnO doping and properties, Magnetic properties of thin films, Quantum and electron transport phenomena, Semiconductor materials and interfaces",General Research,General Research,141157.0,6084692.0,559.0,3.53766350924673,6.24,Q1,1,1895600.18,249.73,Very High,95.0,95.0,OpenAlex live API,yes,OpenAlex live data with automatic fallback enrichment.,General Research journal published by American Institute of Physics.,2026-05-26 19:38:41
242,Fuel,N/A,2026,journal,OpenAlex Sources API,https://openalex.org/S164770093,https://www.journals.elsevier.com/fuel,https://www.journals.elsevier.com/fuel,Rolling,Continuous,Continuous,rolling_journal,subscription_or_unknown,4080 USD; 3720 EUR; 3270 GBP; 458430 JPY,False,Elsevier BV,GB,"0016-2361, 1873-7153","Thermochemical Biomass Conversion Processes, Advanced Combustion Engine Technologies, Catalytic Processes in Materials Science, Combustion and flame dynamics, Biodiesel Production and Applications, Hydrocarbon exploration and reservoir analysis, Coal Properties and Utilization, Petroleum Processing and Analysis",General Research,General Research,46068.0,1654945.0,306.0,6.582086061739944,6.23,Q1,1,532019.4,249.35,Very High,95.0,95.0,OpenAlex live API,yes,OpenAlex live data with automatic fallback enrichment.,General Research journal published by Elsevier BV.,2026-05-26 19:39:35
72,Monthly Notices of the Royal Astronomical Society,N/A,2026,journal,OpenAlex Sources API,https://openalex.org/S195663288,http://mnras.oxfordjournals.org/,http://mnras.oxfordjournals.org/,Rolling,Continuous,Continuous,rolling_journal,paid_oa,2310 GBP,True,Oxford University Press,GB,"0035-8711, 1365-2966, 1365-8711","Stellar, planetary, and galactic studies, Galaxies: Formation, Evolution, Phenomena, Astrophysics and Star Formation Studies, Astronomy and Astrophysical Research, Astrophysical Phenomena and Observations, Astro and Planetary Science, Gamma-ray bursts and supernovae, Astrophysics and Cosmic Phenomena",General Research,General Research,94121.0,3620516.0,497.0,4.783605475837044,6.22,Q1,1,1145506.08,248.76,Very High,95.0,95.0,OpenAlex live API,yes,OpenAlex live data with automatic fallback enrichment.,General Research journal published by Oxford University Press.,2026-05-26 19:38:47
132,Radiology,N/A,2026,journal,OpenAlex Sources API,https://openalex.org/S50280174,http://radiology.rsna.org/,http://radiology.rsna.org/,Rolling,Continuous,Continuous,rolling_journal,subscription_or_unknown,Fee not available,False,Radiological Society of North America,US,"0033-8419, 1527-1315","Radiology practices and education, Radiation Dose and Imaging, Advanced MRI Techniques and Applications, MRI in cancer diagnosis, Medical Imaging Techniques and Applications, Radiomics and Machine Learning in Medical Imaging, Advanced X-ray and CT Imaging, Hepatocellular Carcinoma Treatment and Prognosis",General Research,General Research,62909.0,2394837.0,430.0,5.655677655677656,6.21,Q1,1,768024.78,248.26,Very High,95.0,95.0,OpenAlex live API,yes,OpenAlex live data with automatic fallback enrichment.,General Research journal published by Radiological Society of North America.,2026-05-26 19:39:02
296,Journal of Medicinal Chemistry,N/A,2026,journal,OpenAlex Sources API,https://openalex.org/S162030435,http://pubs.acs.org/journal/jmcmar,http://pubs.acs.org/journal/jmcmar,Rolling,Continuous,Continuous,rolling_journal,subscription_or_unknown,Fee not available,False,American Chemical Society,US,"0022-2623, 1520-4804","Synthesis and biological activity, Synthesis and Biological Evaluation, Receptor Mechanisms and Signaling, Chemical Synthesis and Analysis, Computational Drug Discovery Methods, HIV/AIDS drug development and treatment, Synthesis and Characterization of Heterocyclic Compounds, Cancer therapeutics and mechanisms",General Research,General Research,40518.0,1953966.0,367.0,6.334001718705242,6.2,Q1,1,627258.3,248.05,Very High,95.0,95.0,OpenAlex live API,yes,OpenAlex live data with automatic fallback enrichment.,General Research journal published by American Chemical Society.,2026-05-26 19:39:48
10,PLoS ONE,N/A,2026,journal,OpenAlex Sources API,https://openalex.org/S202381698,http://www.plosone.org/,http://www.plosone.org/,Rolling,Continuous,Continuous,rolling_journal,paid_oa,1805 USD,True,Public Library of Science,US,1932-6203,"HIV/AIDS Research and Interventions, Plant and animal studies, HIV Research and Treatment, Genomics and Phylogenetic Studies, Global Maternal and Child Health, MicroRNA in disease regulation, Tuberculosis Research and Epidemiology, Immune Cell Function and Interaction",General Research,General Research,339206.0,12328711.0,595.0,2.6694418121925905,6.2,Q1,1,3792167.37,248.01,Very High,95.0,95.0,OpenAlex live API,yes,OpenAlex live data with automatic fallback enrichment.,General Research journal published by Public Library of Science.,2026-05-26 19:38:33
39,Journal of Applied Physics,N/A,2026,journal,OpenAlex Sources API,https://openalex.org/S187991544,http://aip.scitation.org/journal/jap/,http://aip.scitation.org/journal/jap/,Rolling,Continuous,Continuous,rolling_journal,subscription_or_unknown,3500 USD,False,American Institute of Physics,US,"0021-8979, 1089-7550, 1520-8850","Magnetic properties of thin films, Semiconductor materials and devices, Semiconductor Quantum Structures and Devices, Magnetic Properties and Applications, Semiconductor materials and interfaces, ZnO doping and properties, Physics of Superconductivity and Magnetism, Silicon and Solar Cell Technologies",General Research,General Research,152910.0,4972321.0,527.0,2.6231200897867564,6.2,Q1,1,1559818.46,247.87,Very High,95.0,95.0,OpenAlex live API,yes,OpenAlex live data with automatic fallback enrichment.,General Research journal published by American Institute of Physics.,2026-05-26 19:38:40
246,Materials Science and Engineering A,N/A,2026,journal,OpenAlex Sources API,https://openalex.org/S154732359,https://www.journals.elsevier.com/materials-science-and-engineering-a,https://www.journals.elsevier.com/materials-science-and-engineering-a,Rolling,Continuous,Continuous,rolling_journal,subscription_or_unknown,3500 USD; 3190 EUR; 2800 GBP; 393260 JPY,False,Elsevier BV,NL,"0921-5093, 1873-4936","Aluminum Alloys Composites Properties, Microstructure and mechanical properties, Microstructure and Mechanical Properties of Steels, Aluminum Alloy Microstructure Properties, Advanced materials and composites, Intermetallics and Advanced Alloy Properties, High Temperature Alloys and Creep, Metal and Thin Film Mechanics",General Research,General Research,45706.0,1780627.0,317.0,6.014809041309431,6.19,Q1,1,570759.44,247.62,Very High,95.0,95.0,OpenAlex live API,yes,OpenAlex live data with automatic fallback enrichment.,General Research journal published by Elsevier BV.,2026-05-26 19:39:36
138,Journal of Agricultural and Food Chemistry,N/A,2026,journal,OpenAlex Sources API,https://openalex.org/S134644764,http://pubs.acs.org/journal/jafcau,http://pubs.acs.org/journal/jafcau,Rolling,Continuous,Continuous,rolling_journal,subscription_or_unknown,Fee not available,False,American Chemical Society,US,"0021-8561, 1520-5118","Phytochemicals and Antioxidant Activities, Fermentation and Sensory Analysis, Pesticide and Herbicide Environmental Studies, Meat and Animal Product Quality, Proteins in Food Systems, Pesticide Residue Analysis and Safety, Protein Hydrolysis and Bioactive Peptides, Analytical Chemistry and Chromatography",General Research,General Research,61454.0,2895938.0,416.0,5.46342224301981,6.19,Q1,1,916799.97,247.54,Very High,95.0,95.0,OpenAlex live API,yes,OpenAlex live data with automatic fallback enrichment.,General Research journal published by American Chemical Society.,2026-05-26 19:39:04
369,Bioresource Technology,N/A,2026,journal,OpenAlex Sources API,https://openalex.org/S21442059,http://journals.elsevier.com/09608524/bioresource-technology/,http://journals.elsevier.com/09608524/bioresource-technology/,Rolling,Continuous,Continuous,rolling_journal,subscription_or_unknown,4740 USD; 4320 EUR; 3790 GBP; 532590 JPY,False,Elsevier BV,GB,"0960-8524, 1873-2976","Biofuel production and bioconversion, Wastewater Treatment and Nitrogen Removal, Anaerobic Digestion and Biogas Production, Microbial Metabolic Engineering and Bioproduction, Algal biology and biofuel production, Microbial Fuel Cells and Bioremediation, Enzyme Catalysis and Immobilization, Thermochemical Biomass Conversion Processes",General Research,General Research,35052.0,2482283.0,434.0,6.286871574934477,6.18,Q1,1,791904.44,247.37,Very High,95.0,95.0,OpenAlex live API,yes,OpenAlex live data with automatic fallback enrichment.,General Research journal published by Elsevier BV.,2026-05-26 19:40:08
46,The FASEB Journal,N/A,2026,journal,OpenAlex Sources API,https://openalex.org/S25293849,http://www.fasebj.org/,http://www.fasebj.org/,Rolling,Continuous,Continuous,rolling_journal,subscription_or_unknown,Fee not available,False,Wiley,US,"0892-6638, 1530-6860","Adipose Tissue and Metabolism, Nitric Oxide and Endothelin Effects, Receptor Mechanisms and Signaling, Neuroscience of respiration and sleep, Diet and metabolism studies, Heart Rate Variability and Autonomic Control, Nutritional Studies and Diet, Mitochondrial Function and Pathology",General Research,General Research,138800.0,1341166.0,402.0,2.762479871175523,6.18,Q1,1,456567.92,247.17,Very High,95.0,95.0,OpenAlex live API,yes,OpenAlex live data with automatic fallback enrichment.,General Research journal published by Wiley.,2026-05-26 19:38:41
360,Cellular and Molecular Life Sciences,N/A,2026,journal,OpenAlex Sources API,https://openalex.org/S60362788,http://www.springer.com/life+sciences/cell+biology/journal/18,http://www.springer.com/life+sciences/cell+biology/journal/18,Rolling,Continuous,Continuous,rolling_journal,paid_oa,3290 EUR; 4290 USD; 2790 GBP,True,Springer Nature,CH,"1420-682X, 1420-9071","Neurobiology and Insect Physiology Research, Neuroscience and Neuropharmacology Research, Adipose Tissue and Metabolism, Metabolism and Genetic Disorders, Insect and Arachnid Ecology and Behavior, Receptor Mechanisms and Signaling, Mitochondrial Function and Pathology, Amino Acid Enzymes and Metabolism",General Research,General Research,35298.0,1037044.0,328.0,6.2114093959731544,6.18,Q1,1,347753.57,247.16,Very High,95.0,95.0,OpenAlex live API,yes,OpenAlex live data with automatic fallback enrichment.,General Research journal published by Springer Nature.,2026-05-26 19:40:03
128,Molecules,N/A,2026,journal,OpenAlex Sources API,https://openalex.org/S108911230,http://www.mdpi.com/journal/molecules/,http://www.mdpi.com/journal/molecules/,Rolling,Continuous,Continuous,rolling_journal,paid_oa,2300 CHF,True,Multidisciplinary Digital Publishing Institute,DE,"1420-3049, 1433-1373","Phytochemicals and Antioxidant Activities, Essential Oils and Antimicrobial Activity, Natural product bioactivities and synthesis, Synthesis and biological activity, Phytochemistry and Biological Activities, Computational Drug Discovery Methods, Synthesis and Biological Evaluation, Analytical Chemistry and Chromatography",General Research,General Research,64212.0,1730623.0,335.0,5.062555207580503,6.17,Q1,1,559361.23,246.61,Very High,95.0,95.0,OpenAlex live API,yes,OpenAlex live data with automatic fallback enrichment.,General Research journal published by Multidisciplinary Digital Publishing Institute.,2026-05-26 19:39:02
96,Sensors,N/A,2026,journal,OpenAlex Sources API,https://openalex.org/S101949793,http://www.mdpi.com/journal/sensors,http://www.mdpi.com/journal/sensors,Rolling,Continuous,Continuous,rolling_journal,paid_oa,2400 CHF,True,Multidisciplinary Digital Publishing Institute,CH,1424-8220,"Indoor and Outdoor Localization Technologies, Robotics and Sensor-Based Localization, Analytical Chemistry and Sensors, Advanced Chemical Sensor Technologies, Advanced Fiber Optic Sensors, Non-Invasive Vital Sign Monitoring, Advanced Neural Network Applications, IoT and Edge/Fog Computing",General Research,General Research,78891.0,1838002.0,329.0,4.392213676114213,6.15,Q1,1,592409.31,246.07,Very High,95.0,95.0,OpenAlex live API,yes,OpenAlex live data with automatic fallback enrichment.,General Research journal published by Multidisciplinary Digital Publishing Institute.,2026-05-26 19:38:52
99,Inorganic Chemistry,N/A,2026,journal,OpenAlex Sources API,https://openalex.org/S171072222,http://pubs.acs.org/journals/inocaj/,http://pubs.acs.org/journals/inocaj/,Rolling,Continuous,Continuous,rolling_journal,subscription_or_unknown,Fee not available,False,American Chemical Society,US,"0020-1669, 1520-510X","Magnetism in coordination complexes, Metal complexes synthesis and properties, Organometallic Complex Synthesis and Catalysis, Lanthanide and Transition Metal Complexes, Metal-Organic Frameworks: Synthesis and Applications, Metal-Catalyzed Oxygenation Mechanisms, Inorganic and Organometallic Chemistry, Porphyrin and Phthalocyanine Chemistry",General Research,General Research,77847.0,2759278.0,307.0,4.417974322396576,6.15,Q1,1,866489.0,246.04,Very High,95.0,95.0,OpenAlex live API,yes,OpenAlex live data with automatic fallback enrichment.,General Research journal published by American Chemical Society.,2026-05-26 19:38:53
354,International Journal of Heat and Mass Transfer,N/A,2026,journal,OpenAlex Sources API,https://openalex.org/S90999920,https://www.journals.elsevier.com/international-journal-of-heat-and-mass-transfer,https://www.journals.elsevier.com/international-journal-of-heat-and-mass-transfer,Rolling,Continuous,Continuous,rolling_journal,subscription_or_unknown,4160 USD; 3790 EUR; 3330 GBP; 467420 JPY,False,Elsevier BV,GB,"0017-9310, 1879-2189","Heat Transfer and Optimization, Heat Transfer and Boiling Studies, Heat Transfer Mechanisms, Fluid Dynamics and Turbulent Flows, Nanofluid Flow and Heat Transfer, Fluid Dynamics and Thin Films, Fluid Dynamics and Heat Transfer, Heat and Mass Transfer in Porous Media",General Research,General Research,35675.0,1438507.0,326.0,5.781619129933737,6.15,Q1,1,468008.68,245.91,Very High,95.0,95.0,OpenAlex live API,yes,OpenAlex live data with automatic fallback enrichment.,General Research journal published by Elsevier BV.,2026-05-26 19:40:01
31,Journal of Clinical Oncology,N/A,2026,journal,OpenAlex Sources API,https://openalex.org/S15137598,http://www.jco.org/,http://www.jco.org/,Rolling,Continuous,Continuous,rolling_journal,subscription_or_unknown,Fee not available,False,Lippincott Williams & Wilkins,US,"0732-183X, 1527-7755","Lung Cancer Treatments and Mutations, Cancer Treatment and Pharmacology, Colorectal Cancer Treatments and Studies, Cancer Genomics and Diagnostics, Cancer Immunotherapy and Biomarkers, Prostate Cancer Treatment and Research, Gastric Cancer Management and Outcomes, Breast Cancer Treatment Studies",General Research,General Research,166415.0,4440867.0,736.0,1.9203840237627963,6.14,Q1,1,1422597.62,245.76,Very High,95.0,95.0,OpenAlex live API,yes,OpenAlex live data with automatic fallback enrichment.,General Research journal published by Lippincott Williams & Wilkins.,2026-05-26 19:38:38
330,PLANT PHYSIOLOGY,N/A,2026,journal,OpenAlex Sources API,https://openalex.org/S42294715,http://www.plantphysiol.org/,http://www.plantphysiol.org/,Rolling,Continuous,Continuous,rolling_journal,subscription_or_unknown,3411 USD,False,Oxford University Press,US,"0032-0889, 1532-2548","Photosynthetic Processes and Mechanisms, Plant Molecular Biology Research, Plant nutrient uptake and metabolism, Plant Stress Responses and Tolerance, Plant Reproductive Biology, Plant tissue culture and regeneration, Legume Nitrogen Fixing Symbiosis, Light effects on plants",General Research,General Research,37616.0,2870258.0,473.0,5.660638939119952,6.14,Q1,1,912422.03,245.74,Very High,95.0,95.0,OpenAlex live API,yes,OpenAlex live data with automatic fallback enrichment.,General Research journal published by Oxford University Press.,2026-05-26 19:39:56
188,Macromolecules,N/A,2026,journal,OpenAlex Sources API,https://openalex.org/S177196338,http://pubs.acs.org/journal/mamobx,http://pubs.acs.org/journal/mamobx,Rolling,Continuous,Continuous,rolling_journal,subscription_or_unknown,Fee not available,False,American Chemical Society,US,"0024-9297, 1520-5835","Advanced Polymer Synthesis and Characterization, Polymer crystallization and properties, biodegradable polymer synthesis and properties, Polymer Nanocomposites and Properties, Block Copolymer Self-Assembly, Conducting polymers and applications, Synthesis and properties of polymers, Surfactants and Colloidal Systems",General Research,General Research,52464.0,2804607.0,413.0,5.0952216066482,6.14,Q1,1,888183.26,245.53,Very High,95.0,95.0,OpenAlex live API,yes,OpenAlex live data with automatic fallback enrichment.,General Research journal published by American Chemical Society.,2026-05-26 19:39:18
63,Sustainability,N/A,2026,journal,OpenAlex Sources API,https://openalex.org/S10134376,http://www.mdpi.com/journal/sustainability,http://www.mdpi.com/journal/sustainability,Rolling,Continuous,Continuous,rolling_journal,paid_oa,2200 CHF,True,Multidisciplinary Digital Publishing Institute,CH,2071-1050,"Environmental Sustainability in Business, Energy, Environment, Economic Growth, Sustainable Supply Chain Management, Land Use and Ecosystem Services, Environmental Impact and Sustainability, Urban Transport and Accessibility, Environmental Education and Sustainability, Diverse Aspects of Tourism Research",General Research,General Research,105455.0,2169080.0,291.0,4.627933932193567,6.13,Q1,1,690600.9,245.38,Very High,95.0,95.0,OpenAlex live API,yes,OpenAlex live data with automatic fallback enrichment.,General Research journal published by Multidisciplinary Digital Publishing Institute.,2026-05-26 19:38:45
237,Journal of High Energy Physics,N/A,2026,journal,OpenAlex Sources API,https://openalex.org/S187585107,http://www.springer.com/13130,http://www.springer.com/13130,Rolling,Continuous,Continuous,rolling_journal,free_oa,Fee not available,True,Springer Nature,IT,"1029-8479, 1126-6708, 1127-2236","Black Holes and Theoretical Physics, Particle physics theoretical and experimental studies, Cosmology and Gravitation Theories, Quantum Chromodynamics and Particle Interactions, Noncommutative and Quantum Gravity Theories, High-Energy Particle Collisions Research, Algebraic structures and combinatorial models, Dark Matter and Cosmic Phenomena",General Research,General Research,46633.0,1873185.0,376.0,5.094551036070606,6.12,Q1,1,604473.53,244.95,Very High,95.0,95.0,OpenAlex live API,yes,OpenAlex live data with automatic fallback enrichment.,General Research journal published by Springer Nature.,2026-05-26 19:39:34
65,The Journal of Organic Chemistry,N/A,2026,journal,OpenAlex Sources API,https://openalex.org/S205050996,http://pubs.acs.org/journal/joceah,http://pubs.acs.org/journal/joceah,Rolling,Continuous,Continuous,rolling_journal,subscription_or_unknown,Fee not available,False,American Chemical Society,US,"0022-3263, 1520-6904","Asymmetric Synthesis and Catalysis, Catalytic C–H Functionalization Methods, Chemical Synthesis and Analysis, Synthetic Organic Chemistry Methods, Chemical Reaction Mechanisms, Oxidative Organic Chemistry Reactions, Inorganic and Organometallic Chemistry, Chemical Synthesis and Reactions",General Research,General Research,102956.0,3310377.0,310.0,3.1650086505190314,6.12,Q1,1,1034566.95,244.79,Very High,95.0,95.0,OpenAlex live API,yes,OpenAlex live data with automatic fallback enrichment.,General Research journal published by American Chemical Society.,2026-05-26 19:38:46
180,Frontiers in Immunology,N/A,2026,journal,OpenAlex Sources API,https://openalex.org/S2595292759,http://journal.frontiersin.org/journal/immunology,http://journal.frontiersin.org/journal/immunology,Rolling,Continuous,Continuous,rolling_journal,paid_oa,2950 USD,True,Frontiers Media,CH,1664-3224,"Immune Cell Function and Interaction, T-cell and B-cell Immunology, Immunotherapy and Immune Responses, Cancer Immunotherapy and Biomarkers, Immune cells in cancer, Immune Response and Inflammation, CAR-T cell therapy research, Ferroptosis and cancer prognosis",General Research,General Research,54025.0,1617368.0,347.0,4.740260530801072,6.12,Q1,1,525549.91,244.62,Very High,95.0,95.0,OpenAlex live API,yes,OpenAlex live data with automatic fallback enrichment.,General Research journal published by Frontiers Media.,2026-05-26 19:39:16
323,Nutrients,N/A,2026,journal,OpenAlex Sources API,https://openalex.org/S110785341,http://www.mdpi.com/journal/nutrients/,http://www.mdpi.com/journal/nutrients/,Rolling,Continuous,Continuous,rolling_journal,paid_oa,2600 CHF,True,Multidisciplinary Digital Publishing Institute,CH,2072-6643,"Nutritional Studies and Diet, Diet and metabolism studies, Obesity, Physical Activity, Diet, Nutrition and Health in Aging, Gut microbiota and health, Muscle metabolism and nutrition, Consumer Attitudes and Food Labeling, Vitamin D Research Studies",General Research,General Research,38309.0,1211180.0,324.0,5.20744251714401,6.11,Q1,1,399845.27,244.45,Very High,95.0,95.0,OpenAlex live API,yes,OpenAlex live data with automatic fallback enrichment.,General Research journal published by Multidisciplinary Digital Publishing Institute.,2026-05-26 19:39:54
22,Journal of Biological Chemistry,N/A,2026,journal,OpenAlex Sources API,https://openalex.org/S140251998,https://www.sciencedirect.com/journal/journal-of-biological-chemistry,https://www.sciencedirect.com/journal/journal-of-biological-chemistry,Rolling,Continuous,Continuous,rolling_journal,paid_oa,2500 USD,True,Elsevier BV,US,"0021-9258, 1067-8816, 1083-351X","RNA and protein synthesis mechanisms, Glycosylation and Glycoproteins Research, Protein Kinase Regulation and GTPase Signaling, Enzyme Structure and Function, Ion channel regulation and function, Mitochondrial Function and Pathology, Receptor Mechanisms and Signaling, RNA Research and Splicing",General Research,General Research,213960.0,17303935.0,779.0,1.4598490048043926,6.11,Q1,1,5290549.49,244.38,Very High,95.0,95.0,OpenAlex live API,yes,OpenAlex live data with automatic fallback enrichment.,General Research journal published by Elsevier BV.,2026-05-26 19:38:35
236,Analytica Chimica Acta,N/A,2026,journal,OpenAlex Sources API,https://openalex.org/S192559872,http://www.elsevier.com/wps/product/cws_home/502681,http://www.elsevier.com/wps/product/cws_home/502681,Rolling,Continuous,Continuous,rolling_journal,subscription_or_unknown,3910 USD; 3570 EUR; 3130 GBP; 439330 JPY,False,Elsevier BV,NL,"0003-2670, 1873-4324","Analytical chemistry methods development, Electrochemical Analysis and Applications, Analytical Chemistry and Sensors, Analytical Chemistry and Chromatography, Electrochemical sensors and biosensors, Advanced biosensing and bioanalysis techniques, Advanced Chemical Sensor Technologies, Mass Spectrometry Techniques and Applications",General Research,General Research,46755.0,1483822.0,303.0,4.858059914407988,6.11,Q1,1,480365.0,244.25,Very High,95.0,95.0,OpenAlex live API,yes,OpenAlex live data with automatic fallback enrichment.,General Research journal published by Elsevier BV.,2026-05-26 19:39:34
191,The Journal of Clinical Endocrinology & Metabolism,N/A,2026,journal,OpenAlex Sources API,https://openalex.org/S205775358,https://academic.oup.com/jcem,https://academic.oup.com/jcem,Rolling,Continuous,Continuous,rolling_journal,subscription_or_unknown,Fee not available,False,Oxford University Press,US,"0021-972X, 1945-7197","Growth Hormone and Insulin-like Growth Factors, Thyroid Disorders and Treatments, Pituitary Gland Disorders and Treatments, Hormonal and reproductive studies, Hormonal Regulation and Hypertension, Adrenal Hormones and Disorders, Thyroid Cancer Diagnosis and Treatment, Ovarian function and disorders",General Research,General Research,52321.0,3307024.0,489.0,4.663066954643629,6.11,Q1,1,1046472.45,244.22,Very High,95.0,95.0,OpenAlex live API,yes,OpenAlex live data with automatic fallback enrichment.,General Research journal published by Oxford University Press.,2026-05-26 19:39:20
176,Astronomy and Astrophysics,N/A,2026,journal,OpenAlex Sources API,https://openalex.org/S205231332,http://www.aanda.org/,http://www.aanda.org/,Rolling,Continuous,Continuous,rolling_journal,free_oa,Fee not available,True,EDP Sciences,FR,"0004-6361, 1432-0746","Stellar, planetary, and galactic studies, Astrophysics and Star Formation Studies, Astronomy and Astrophysical Research, Galaxies: Formation, Evolution, Phenomena, Astro and Planetary Science, Astrophysical Phenomena and Observations, Gamma-ray bursts and supernovae, Solar and Space Plasma Dynamics",General Research,General Research,54395.0,2310448.0,398.0,4.583936871689547,6.1,Q1,1,738603.1,244.19,Very High,95.0,95.0,OpenAlex live API,yes,OpenAlex live data with automatic fallback enrichment.,General Research journal published by EDP Sciences.,2026-05-26 19:39:15
131,Annals of Internal Medicine,N/A,2026,journal,OpenAlex Sources API,https://openalex.org/S119722071,http://www.annals.org/,http://www.annals.org/,Rolling,Continuous,Continuous,rolling_journal,subscription_or_unknown,Fee not available,False,American College of Physicians,US,"0003-4819, 1539-3704","Healthcare Policy and Management, Primary Care and Health Outcomes, Health Systems, Economic Evaluations, Quality of Life, Venous Thromboembolism Diagnosis and Management, Atrial Fibrillation Management and Outcomes, Empathy and Medical Education, Innovations in Medical Education, Cardiac Imaging and Diagnostics",General Research,General Research,63135.0,3372570.0,651.0,4.187059577194106,6.1,Q1,1,1083393.85,243.87,Very High,95.0,95.0,OpenAlex live API,yes,OpenAlex live data with automatic fallback enrichment.,General Research journal published by American College of Physicians.,2026-05-26 19:39:02
120,Physics Letters B,N/A,2026,journal,OpenAlex Sources API,https://openalex.org/S173952182,https://www.journals.elsevier.com/physics-letters-b,https://www.journals.elsevier.com/physics-letters-b,Rolling,Continuous,Continuous,rolling_journal,free_oa,Fee not available,True,Elsevier BV,NL,"0370-2693, 1873-2445","Particle physics theoretical and experimental studies, Quantum Chromodynamics and Particle Interactions, Black Holes and Theoretical Physics, High-Energy Particle Collisions Research, Cosmology and Gravitation Theories, Nuclear physics research studies, Dark Matter and Cosmic Phenomena, Noncommutative and Quantum Gravity Theories",General Research,General Research,67537.0,2563046.0,446.0,4.017411764705883,6.1,Q1,1,820468.37,243.81,Very High,95.0,95.0,OpenAlex live API,yes,OpenAlex live data with automatic fallback enrichment.,General Research journal published by Elsevier BV.,2026-05-26 19:39:00
101,Chemical Communications,N/A,2026,journal,OpenAlex Sources API,https://openalex.org/S152760256,http://www.rsc.org/chemcomm,http://www.rsc.org/chemcomm,Rolling,Continuous,Continuous,rolling_journal,subscription_or_unknown,Fee not available,False,Royal Society of Chemistry,GB,"1359-7345, 1364-548X","Catalytic C–H Functionalization Methods, Advanced biosensing and bioanalysis techniques, Metal-Organic Frameworks: Synthesis and Applications, Luminescence and Fluorescent Materials, Molecular Sensors and Ion Detection, Chemical Synthesis and Analysis, Supramolecular Chemistry and Complexes, Porphyrin and Phthalocyanine Chemistry",General Research,General Research,77521.0,3182848.0,400.0,3.661891480730223,6.09,Q1,1,1002789.59,243.74,Very High,95.0,95.0,OpenAlex live API,yes,OpenAlex live data with automatic fallback enrichment.,General Research journal published by Royal Society of Chemistry.,2026-05-26 19:38:53
134,PEDIATRICS,N/A,2026,journal,OpenAlex Sources API,https://openalex.org/S77494981,http://pediatrics.aappublications.org/,http://pediatrics.aappublications.org/,Rolling,Continuous,Continuous,rolling_journal,subscription_or_unknown,Fee not available,False,American Academy of Pediatrics,US,"0031-4005, 1098-4275","Child and Adolescent Health, Neonatal Respiratory Health Research, Infant Development and Preterm Care, Ethics and Legal Issues in Pediatric Healthcare, Neonatal Health and Biochemistry, Neuroscience of respiration and sleep, Asthma and respiratory diseases, Childhood Cancer Survivors' Quality of Life",General Research,General Research,62216.0,2765925.0,515.0,4.119015957446808,6.09,Q1,1,887705.05,243.58,Very High,95.0,95.0,OpenAlex live API,yes,OpenAlex live data with automatic fallback enrichment.,General Research journal published by American Academy of Pediatrics.,2026-05-26 19:39:03
332,Clinical Infectious Diseases,N/A,2026,journal,OpenAlex Sources API,https://openalex.org/S72350973,http://www.oxfordjournals.org/our_journals/cid/,http://www.oxfordjournals.org/our_journals/cid/,Rolling,Continuous,Continuous,rolling_journal,subscription_or_unknown,4320 USD,False,Oxford University Press,US,"1058-4838, 1537-6591","Pneumonia and Respiratory Infections, HIV/AIDS Research and Interventions, Antimicrobial Resistance in Staphylococcus, HIV/AIDS drug development and treatment, Respiratory viral infections research, Tuberculosis Research and Epidemiology, Bacterial Identification and Susceptibility Testing, Antifungal resistance and susceptibility",General Research,General Research,37341.0,2148796.0,483.0,4.930515344528083,6.09,Q1,1,696919.43,243.53,Very High,95.0,95.0,OpenAlex live API,yes,OpenAlex live data with automatic fallback enrichment.,General Research journal published by Oxford University Press.,2026-05-26 19:39:56
182,Electrochimica Acta,N/A,2026,journal,OpenAlex Sources API,https://openalex.org/S198339081,http://www.elsevier.com/wps/find/journaldescription.cws_home/205/description#description,http://www.elsevier.com/wps/find/journaldescription.cws_home/205/description#description,Rolling,Continuous,Continuous,rolling_journal,subscription_or_unknown,3870 USD; 3530 EUR; 3100 GBP; 434830 JPY,False,Elsevier BV,GB,"0013-4686, 1873-3859","Electrochemical Analysis and Applications, Advancements in Battery Materials, Supercapacitor Materials and Fabrication, Electrocatalysts for Energy Conversion, Advanced Battery Materials and Technologies, Conducting polymers and applications, Advanced battery technologies research, Electrochemical sensors and biosensors",General Research,General Research,53502.0,2000569.0,324.0,4.39263407279776,6.09,Q1,1,638140.53,243.53,Very High,95.0,95.0,OpenAlex live API,yes,OpenAlex live data with automatic fallback enrichment.,General Research journal published by Elsevier BV.,2026-05-26 19:39:17
51,Circulation,N/A,2026,journal,OpenAlex Sources API,https://openalex.org/S116251202,http://circ.ahajournals.org/,http://circ.ahajournals.org/,Rolling,Continuous,Continuous,rolling_journal,subscription_or_unknown,Fee not available,False,Lippincott Williams & Wilkins,US,"0009-7322, 1524-4539","Cardiac Imaging and Diagnostics, Cardiovascular Function and Risk Factors, Cardiovascular Health and Risk Factors, Cardiac electrophysiology and arrhythmias, Cardiac Arrhythmias and Treatments, Cardiovascular Disease and Adiposity, Cardiac Valve Diseases and Treatments, Atrial Fibrillation Management and Outcomes",General Research,General Research,128634.0,6214465.0,844.0,1.8637475744537249,6.09,Q1,1,1961696.09,243.45,Very High,95.0,95.0,OpenAlex live API,yes,OpenAlex live data with automatic fallback enrichment.,General Research journal published by Lippincott Williams & Wilkins.,2026-05-26 19:38:42
23,Blood,N/A,2026,journal,OpenAlex Sources API,https://openalex.org/S200071133,https://www.sciencedirect.com/journal/blood,https://www.sciencedirect.com/journal/blood,Rolling,Continuous,Continuous,rolling_journal,subscription_or_unknown,5000 USD; 4560 EUR; 4000 GBP; 561800 JPY,False,Elsevier BV,US,"0006-4971, 1528-0020","Acute Myeloid Leukemia Research, Chronic Lymphocytic Leukemia Research, Lymphoma Diagnosis and Treatment, Chronic Myeloid Leukemia Treatments, Hematopoietic Stem Cell Transplantation, Multiple Myeloma Research and Treatments, Acute Lymphoblastic Leukemia research, Hemoglobinopathies and Related Disorders",General Research,General Research,197598.0,5605058.0,637.0,1.1349409395242502,6.08,Q1,1,1765033.95,243.4,Very High,95.0,95.0,OpenAlex live API,yes,OpenAlex live data with automatic fallback enrichment.,General Research journal published by Elsevier BV.,2026-05-26 19:38:36
140,Langmuir,N/A,2026,journal,OpenAlex Sources API,https://openalex.org/S75741262,http://pubs.acs.org/journal/langd5/,http://pubs.acs.org/journal/langd5/,Rolling,Continuous,Continuous,rolling_journal,subscription_or_unknown,Fee not available,False,American Chemical Society,US,"0743-7463, 1520-5827","Surfactants and Colloidal Systems, Polymer Surface Interaction Studies, Molecular Junctions and Nanostructures, Lipid Membrane Structure and Behavior, Surface Modification and Superhydrophobicity, Pickering emulsions and particle stabilization, Force Microscopy Techniques and Applications, Spectroscopy and Quantum Chemical Studies",General Research,General Research,60419.0,2715432.0,421.0,4.1177068214804065,6.08,Q1,1,862977.39,243.4,Very High,95.0,95.0,OpenAlex live API,yes,OpenAlex live data with automatic fallback enrichment.,General Research journal published by American Chemical Society.,2026-05-26 19:39:05
376,American Political Science Review,N/A,2026,journal,OpenAlex Sources API,https://openalex.org/S176007004,http://www.apsanet.org/apsr,http://www.apsanet.org/apsr,Rolling,Continuous,Continuous,rolling_journal,subscription_or_unknown,Fee not available,False,Cambridge University Press,US,"0003-0554, 1537-5943","American Constitutional Law and Politics, Electoral Systems and Political Participation, Diverse Scientific and Economic Studies, Legal case studies and regulations, Political Philosophy and Ethics, Judicial and Constitutional Studies, Political Systems and Governance, International Law and Human Rights",General Research,General Research,34467.0,744840.0,400.0,4.967272727272727,6.08,Q1,1,267147.06,243.35,Very High,95.0,95.0,OpenAlex live API,yes,OpenAlex live data with automatic fallback enrichment.,General Research journal published by Cambridge University Press.,2026-05-26 19:40:09
294,Frontiers in Microbiology,N/A,2026,journal,OpenAlex Sources API,https://openalex.org/S2484704948,http://www.frontiersin.org/microbiology,http://www.frontiersin.org/microbiology,Rolling,Continuous,Continuous,rolling_journal,paid_oa,2950 USD,True,Frontiers Media,CH,1664-302X,"Gut microbiota and health, Microbial Community Ecology and Physiology, Antibiotic Resistance in Bacteria, Bacteriophages and microbial interactions, Plant-Microbe Interactions and Immunity, Genomics and Phylogenetic Studies, Probiotics and Fermented Foods, Bacterial biofilms and quorum sensing",General Research,General Research,40746.0,1441247.0,339.0,4.637997273515925,6.07,Q1,1,470580.6,242.99,Very High,95.0,95.0,OpenAlex live API,yes,OpenAlex live data with automatic fallback enrichment.,General Research journal published by Frontiers Media.,2026-05-26 19:39:47
130,BMJ,N/A,2026,journal,OpenAlex Sources API,https://openalex.org/S4393917726,https://openalex.org/S4393917726,https://openalex.org/S4393917726,Rolling,Continuous,Continuous,rolling_journal,subscription_or_unknown,Fee not available,False,Unknown Publisher,Unknown,1756-1833,"Healthcare Systems and Challenges, Health Services Management and Policy, Primary Care and Health Outcomes, Child and Adolescent Health, Global Health Workforce Issues, Healthcare Policy and Management, Healthcare cost, quality, practices, Global Public Health Policies and Epidemiology",General Research,General Research,63373.0,1202012.0,407.0,3.8112783012234566,6.07,Q1,1,407831.46,242.77,Very High,95.0,95.0,OpenAlex live API,yes,OpenAlex live data with automatic fallback enrichment.,General Research journal published by Unknown Publisher.,2026-05-26 19:39:02
116,Journal of Chromatography A,N/A,2026,journal,OpenAlex Sources API,https://openalex.org/S176136234,http://www.elsevier.com/locate/chroma,http://www.elsevier.com/locate/chroma,Rolling,Continuous,Continuous,rolling_journal,subscription_or_unknown,3490 USD; 3180 EUR; 2790 GBP; 392140 JPY,False,Elsevier BV,NL,"0021-9673, 1873-3778","Analytical Chemistry and Chromatography, Microfluidic and Capillary Electrophoresis Applications, Analytical chemistry methods development, Mass Spectrometry Techniques and Applications, Chromatography in Natural Products, Advanced Chemical Sensor Technologies, Protein purification and stability, Pesticide Residue Analysis and Safety",General Research,General Research,68694.0,2162327.0,317.0,3.587860988742046,6.07,Q1,1,687446.89,242.63,Very High,95.0,95.0,OpenAlex live API,yes,OpenAlex live data with automatic fallback enrichment.,General Research journal published by Elsevier BV.,2026-05-26 19:38:58
3,Medical Entomology and Zoology,N/A,2026,journal,OpenAlex Sources API,https://openalex.org/S4210197683,http://ci.nii.ac.jp/vol_issue/nels/AN00021948_en.html,http://ci.nii.ac.jp/vol_issue/nels/AN00021948_en.html,Rolling,Continuous,Continuous,rolling_journal,free_oa,Fee not available,True,Japan Society of Medical Entomology and Zoology,JP,"0424-7086, 2185-5609","Linguistic, Cultural, and Literary Studies, Legal and Regulatory Analysis, Military Technology and Strategies, Japanese History and Culture, Musicology and Musical Analysis, American Constitutional Law and Politics, German Literature and Culture Studies, Indian and Buddhist Studies",General Research,General Research,1875288.0,13152095.0,1088.0,0.8333333333333334,6.06,Q1,1,4241998.97,242.5,Very High,95.0,95.0,OpenAlex live API,yes,OpenAlex live data with automatic fallback enrichment.,General Research journal published by Japan Society of Medical Entomology and Zoology.,2026-05-26 19:38:31
395,Nanoscale,N/A,2026,journal,OpenAlex Sources API,https://openalex.org/S23181512,http://pubs.rsc.org/en/journals/journalissues/nr,http://pubs.rsc.org/en/journals/journalissues/nr,Rolling,Continuous,Continuous,rolling_journal,subscription_or_unknown,Fee not available,False,Royal Society of Chemistry,GB,"2040-3364, 2040-3372","Graphene research and applications, Quantum Dots Synthesis And Properties, Gold and Silver Nanoparticles Synthesis and Applications, 2D Materials and Applications, Advanced biosensing and bioanalysis techniques, Advanced Photocatalysis Techniques, Electrocatalysts for Energy Conversion, Advancements in Battery Materials",General Research,General Research,33395.0,1362336.0,328.0,4.693972179289026,6.06,Q1,1,445075.0,242.42,Very High,95.0,95.0,OpenAlex live API,yes,OpenAlex live data with automatic fallback enrichment.,General Research journal published by Royal Society of Chemistry.,2026-05-26 19:40:13
186,Geophysical Research Letters,N/A,2026,journal,OpenAlex Sources API,https://openalex.org/S36624081,http://onlinelibrary.wiley.com/journal/10.1002/(ISSN)1944-8007,http://onlinelibrary.wiley.com/journal/10.1002/(ISSN)1944-8007,Rolling,Continuous,Continuous,rolling_journal,paid_oa,2900 USD,True,American Geophysical Union,US,"0094-8276, 1944-8007","Climate variability and models, Ionosphere and magnetosphere dynamics, earthquake and tectonic studies, Solar and Space Plasma Dynamics, Atmospheric Ozone and Climate, Atmospheric chemistry and aerosols, Oceanographic and Atmospheric Processes, High-pressure geophysics and materials",General Research,General Research,52776.0,2765469.0,426.0,4.004411764705883,6.06,Q1,1,877718.52,242.29,Very High,95.0,95.0,OpenAlex live API,yes,OpenAlex live data with automatic fallback enrichment.,General Research journal published by American Geophysical Union.,2026-05-26 19:39:18
373,Frontiers in Plant Science,N/A,2026,journal,OpenAlex Sources API,https://openalex.org/S2493613807,http://journal.frontiersin.org/journal/plant-science,http://journal.frontiersin.org/journal/plant-science,Rolling,Continuous,Continuous,rolling_journal,paid_oa,2950 USD,True,Frontiers Media,CH,1664-462X,"Plant Molecular Biology Research, Plant Stress Responses and Tolerance, Photosynthetic Processes and Mechanisms, Plant nutrient uptake and metabolism, Plant-Microbe Interactions and Immunity, Plant Gene Expression Analysis, Legume Nitrogen Fixing Symbiosis, Plant Reproductive Biology",General Research,General Research,34658.0,1225537.0,321.0,4.601015228426396,6.06,Q1,1,403456.95,242.27,Very High,95.0,95.0,OpenAlex live API,yes,OpenAlex live data with automatic fallback enrichment.,General Research journal published by Frontiers Media.,2026-05-26 19:40:09
192,Journal of Virology,N/A,2026,journal,OpenAlex Sources API,https://openalex.org/S96615428,http://jvi.asm.org/,http://jvi.asm.org/,Rolling,Continuous,Continuous,rolling_journal,free_oa,Fee not available,True,American Society for Microbiology,US,"0022-538X, 1070-6321, 1098-5514","Virus-based gene therapy research, HIV Research and Treatment, Herpesvirus Infections and Treatments, Animal Virus Infections Studies, Cytomegalovirus and herpesvirus research, Viral gastroenteritis research and epidemiology, Bacteriophages and microbial interactions, Viral Infections and Immunology Research",General Research,General Research,52205.0,3456404.0,421.0,3.9876160990712073,6.05,Q1,1,1084441.08,242.18,Very High,95.0,95.0,OpenAlex live API,yes,OpenAlex live data with automatic fallback enrichment.,General Research journal published by American Society for Microbiology.,2026-05-26 19:39:20
28,The Journal of the Acoustical Society of America,N/A,2026,journal,OpenAlex Sources API,https://openalex.org/S11296630,http://asadl.org/jasa,http://asadl.org/jasa,Rolling,Continuous,Continuous,rolling_journal,subscription_or_unknown,Fee not available,False,Acoustical Society of America,US,"0001-4966, 1520-8524, 1520-9024","Underwater Acoustics Research, Acoustic Wave Phenomena Research, Hearing Loss and Rehabilitation, Speech and Audio Processing, Noise Effects and Management, Phonetics and Phonology Research, Ultrasonics and Acoustic Wave Propagation, Music Technology and Sound Studies",General Research,General Research,172441.0,1730275.0,371.0,0.6913476134255355,6.05,Q1,1,573461.17,242.07,Very High,95.0,95.0,OpenAlex live API,yes,OpenAlex live data with automatic fallback enrichment.,General Research journal published by Acoustical Society of America.,2026-05-26 19:38:37
326,Annals of Surgery,N/A,2026,journal,OpenAlex Sources API,https://openalex.org/S157664895,https://journals.lww.com/annalsofsurgery/pages/default.aspx,https://journals.lww.com/annalsofsurgery/pages/default.aspx,Rolling,Continuous,Continuous,rolling_journal,subscription_or_unknown,Fee not available,False,Lippincott Williams & Wilkins,US,"0003-4932, 1528-1140","Pancreatic and Hepatic Oncology Research, Cardiac, Anesthesia and Surgical Outcomes, Gallbladder and Bile Duct Disorders, Esophageal and GI Pathology, Colorectal Cancer Surgical Treatments, Gastrointestinal disorders and treatments, Hepatocellular Carcinoma Treatment and Prognosis, Organ Transplantation Techniques and Outcomes",General Research,General Research,38028.0,1826362.0,454.0,4.420467185761957,6.05,Q1,1,597332.42,242.06,Very High,95.0,95.0,OpenAlex live API,yes,OpenAlex live data with automatic fallback enrichment.,General Research journal published by Lippincott Williams & Wilkins.,2026-05-26 19:39:55
66,Biochemical and Biophysical Research Communications,N/A,2026,journal,OpenAlex Sources API,https://openalex.org/S151589183,http://www.elsevier.com/wps/find/journaldescription.cws_home/622790/description,http://www.elsevier.com/wps/find/journaldescription.cws_home/622790/description,Rolling,Continuous,Continuous,rolling_journal,subscription_or_unknown,2770 USD; 2530 EUR; 2220 GBP; 311240 JPY,False,Elsevier BV,US,"0006-291X, 1090-2104","RNA and protein synthesis mechanisms, Glycosylation and Glycoproteins Research, Receptor Mechanisms and Signaling, Pancreatic function and diabetes, RNA modifications and cancer, RNA Research and Splicing, Mitochondrial Function and Pathology, Ion channel regulation and function",General Research,General Research,101841.0,3586822.0,393.0,2.252949245541838,6.05,Q1,1,1125643.35,241.94,Very High,95.0,95.0,OpenAlex live API,yes,OpenAlex live data with automatic fallback enrichment.,General Research journal published by Elsevier BV.,2026-05-26 19:38:46
166,Journal of Bacteriology,N/A,2026,journal,OpenAlex Sources API,https://openalex.org/S133274750,http://jb.asm.org/,http://jb.asm.org/,Rolling,Continuous,Continuous,rolling_journal,free_oa,Fee not available,True,American Society for Microbiology,US,"0021-9193, 1067-8832, 1098-5530","Bacterial Genetics and Biotechnology, Bacteriophages and microbial interactions, RNA and protein synthesis mechanisms, Enzyme Structure and Function, Genomics and Phylogenetic Studies, Antibiotic Resistance in Bacteria, Bacterial biofilms and quorum sensing, Microbial Metabolic Engineering and Bioproduction",General Research,General Research,55638.0,2994775.0,396.0,3.7248062015503876,6.04,Q1,1,943782.54,241.74,Very High,95.0,95.0,OpenAlex live API,yes,OpenAlex live data with automatic fallback enrichment.,General Research journal published by American Society for Microbiology.,2026-05-26 19:39:11
184,Cancer,N/A,2026,journal,OpenAlex Sources API,https://openalex.org/S126033908,http://onlinelibrary.wiley.com/journal/10.1002/(ISSN)1097-0142,http://onlinelibrary.wiley.com/journal/10.1002/(ISSN)1097-0142,Rolling,Continuous,Continuous,rolling_journal,subscription_or_unknown,4740 USD; 3400 GBP; 4070 EUR,False,Wiley,US,"0008-543X, 1045-7410, 1097-0142","Lymphoma Diagnosis and Treatment, Breast Cancer Treatment Studies, Global Cancer Incidence and Screening, Sarcoma Diagnosis and Treatment, Head and Neck Cancer Studies, Lung Cancer Treatments and Mutations, Acute Lymphoblastic Leukemia research, Cancer survivorship and care",General Research,General Research,53289.0,3125385.0,471.0,3.792353823088456,6.04,Q1,1,990234.02,241.71,Very High,95.0,95.0,OpenAlex live API,yes,OpenAlex live data with automatic fallback enrichment.,General Research journal published by Wiley.,2026-05-26 19:39:17
33,Gastroenterology,N/A,2026,journal,OpenAlex Sources API,https://openalex.org/S143352558,https://www.sciencedirect.com/journal/gastroenterology,https://www.sciencedirect.com/journal/gastroenterology,Rolling,Continuous,Continuous,rolling_journal,subscription_or_unknown,3800 USD; 3470 EUR; 3040 GBP; 426970 JPY,False,Elsevier BV,US,"0016-5085, 1528-0012","Helicobacter pylori-related gastroenterology studies, Inflammatory Bowel Disease, Liver Disease Diagnosis and Treatment, Microscopic Colitis, Eosinophilic Esophagitis, Gastrointestinal motility and disorders, Gastroesophageal reflux and treatments, Gastric Cancer Management and Outcomes",General Research,General Research,160354.0,2888710.0,584.0,0.5121146627232397,6.04,Q1,1,941074.01,241.54,Very High,95.0,95.0,OpenAlex live API,yes,OpenAlex live data with automatic fallback enrichment.,General Research journal published by Elsevier BV.,2026-05-26 19:38:38
108,Annals of the New York Academy of Sciences,N/A,2026,journal,OpenAlex Sources API,https://openalex.org/S8802318,https://nyaspubs.onlinelibrary.wiley.com/journal/17496632,https://nyaspubs.onlinelibrary.wiley.com/journal/17496632,Rolling,Continuous,Continuous,rolling_journal,subscription_or_unknown,4840 USD; 3500 GBP; 4170 EUR,False,Wiley,US,"0077-8923, 1749-6632","Neuroscience and Neuropharmacology Research, Receptor Mechanisms and Signaling, Neuropeptides and Animal Physiology, Immune Cell Function and Interaction, Ion channel regulation and function, T-cell and B-cell Immunology, Neurotransmitter Receptor Influence on Behavior, Monoclonal and Polyclonal Antibodies Research",General Research,General Research,70324.0,2112762.0,398.0,3.1244239631336406,6.04,Q1,1,680817.22,241.41,Very High,95.0,95.0,OpenAlex live API,yes,OpenAlex live data with automatic fallback enrichment.,General Research journal published by Wiley.,2026-05-26 19:38:55
36,Cancer Research,N/A,2026,journal,OpenAlex Sources API,https://openalex.org/S168522863,http://cancerres.aacrjournals.org/,http://cancerres.aacrjournals.org/,Rolling,Continuous,Continuous,rolling_journal,subscription_or_unknown,Fee not available,False,American Association for Cancer Research,US,"0008-5472, 1538-7445","Cancer Genomics and Diagnostics, Cancer, Hypoxia, and Metabolism, RNA modifications and cancer, Cancer Research and Treatments, Cancer Immunotherapy and Biomarkers, Cancer Cells and Metastasis, Cancer-related Molecular Pathways, Advanced Breast Cancer Therapies",General Research,General Research,159146.0,2138873.0,466.0,0.4503440782325244,6.03,Q1,1,704199.02,241.35,Very High,95.0,95.0,OpenAlex live API,yes,OpenAlex live data with automatic fallback enrichment.,General Research journal published by American Association for Cancer Research.,2026-05-26 19:38:39
285,Polymer,N/A,2026,journal,OpenAlex Sources API,https://openalex.org/S186054908,https://www.journals.elsevier.com/polymer,https://www.journals.elsevier.com/polymer,Rolling,Continuous,Continuous,rolling_journal,subscription_or_unknown,3750 USD; 3420 EUR; 3000 GBP; 421350 JPY,False,Elsevier BV,GB,"0032-3861, 1873-2291","Polymer crystallization and properties, Polymer Nanocomposites and Properties, biodegradable polymer synthesis and properties, Advanced Polymer Synthesis and Characterization, Synthesis and properties of polymers, Conducting polymers and applications, Polymer composites and self-healing, Advanced Sensor and Energy Harvesting Materials",General Research,General Research,41470.0,1603652.0,339.0,4.011029411764706,6.03,Q1,1,519343.15,241.18,Very High,95.0,95.0,OpenAlex live API,yes,OpenAlex live data with automatic fallback enrichment.,General Research journal published by Elsevier BV.,2026-05-26 19:39:45
50,Journal of the American College of Cardiology,N/A,2026,journal,OpenAlex Sources API,https://openalex.org/S60865174,https://www.sciencedirect.com/journal/journal-of-the-american-college-of-cardiology,https://www.sciencedirect.com/journal/journal-of-the-american-college-of-cardiology,Rolling,Continuous,Continuous,rolling_journal,subscription_or_unknown,6500 USD; 5930 EUR; 5200 GBP; 730340 JPY,False,Elsevier BV,US,"0735-1097, 1558-3597","Cardiac Imaging and Diagnostics, Coronary Interventions and Diagnostics, Cardiac Valve Diseases and Treatments, Cardiovascular Function and Risk Factors, Atrial Fibrillation Management and Outcomes, Cardiac Arrhythmias and Treatments, Acute Myocardial Infarction Research, Cardiac pacing and defibrillation studies",General Research,General Research,132687.0,3145854.0,613.0,0.9641510408595485,6.03,Q1,1,1018373.11,241.16,Very High,95.0,95.0,OpenAlex live API,yes,OpenAlex live data with automatic fallback enrichment.,General Research journal published by Elsevier BV.,2026-05-26 19:38:42
37,The Journal of Urology,N/A,2026,journal,OpenAlex Sources API,https://openalex.org/S30525748,https://journals.lww.com/auajuro/Pages/default.aspx,https://journals.lww.com/auajuro/Pages/default.aspx,Rolling,Continuous,Continuous,rolling_journal,subscription_or_unknown,Fee not available,False,Lippincott Williams & Wilkins,US,"0022-5347, 1527-3792","Urological Disorders and Treatments, Prostate Cancer Diagnosis and Treatment, Bladder and Urothelial Cancer Treatments, Urinary Bladder and Prostate Research, Pediatric Urology and Nephrology Studies, Prostate Cancer Treatment and Research, Pelvic floor disorders treatments, Urologic and reproductive health conditions",General Research,General Research,153522.0,2294259.0,371.0,0.30089983189953523,6.02,Q1,1,740744.94,240.9,Very High,95.0,95.0,OpenAlex live API,yes,OpenAlex live data with automatic fallback enrichment.,General Research journal published by Lippincott Williams & Wilkins.,2026-05-26 19:38:39
329,Journal of Molecular Biology,N/A,2026,journal,OpenAlex Sources API,https://openalex.org/S46058472,http://www.elsevier.com/locate/issn/0022-2836,http://www.elsevier.com/locate/issn/0022-2836,Rolling,Continuous,Continuous,rolling_journal,subscription_or_unknown,4250 USD; 3880 EUR; 3400 GBP; 477530 JPY,False,Elsevier BV,GB,"0022-2836, 1089-8638","RNA and protein synthesis mechanisms, Protein Structure and Dynamics, Enzyme Structure and Function, Bacterial Genetics and Biotechnology, Bacteriophages and microbial interactions, DNA and Nucleic Acid Chemistry, RNA modifications and cancer, RNA Research and Splicing",General Research,General Research,37745.0,3028060.0,486.0,4.039800995024875,6.02,Q1,1,960994.49,240.89,Very High,95.0,95.0,OpenAlex live API,yes,OpenAlex live data with automatic fallback enrichment.,General Research journal published by Elsevier BV.,2026-05-26 19:39:55
91,RSC Advances,N/A,2026,journal,OpenAlex Sources API,https://openalex.org/S2481244646,http://www.rsc.org/publishing/journals/ra/about.asp,http://www.rsc.org/publishing/journals/ra/about.asp,Rolling,Continuous,Continuous,rolling_journal,paid_oa,850 GBP,True,Royal Society of Chemistry,GB,2046-2069,"Advanced Photocatalysis Techniques, Advancements in Battery Materials, Supercapacitor Materials and Fabrication, Conducting polymers and applications, Advanced biosensing and bioanalysis techniques, Catalytic Processes in Materials Science, Graphene research and applications, Nanomaterials for catalytic reactions",General Research,General Research,82029.0,2155309.0,276.0,6.119168741205758,6.02,Q1,1,682701.56,240.76,Very High,95.0,95.0,OpenAlex live API,yes,OpenAlex live data with automatic fallback enrichment.,General Research journal published by Royal Society of Chemistry.,2026-05-26 19:38:51
229,Journal of Materials Science,N/A,2026,journal,OpenAlex Sources API,https://openalex.org/S26125866,http://www.springerlink.com/content/0957-4530,http://www.springerlink.com/content/0957-4530,Rolling,Continuous,Continuous,rolling_journal,subscription_or_unknown,2690 EUR; 3490 USD; 2290 GBP,False,Springer Science+Business Media,GB,"0022-2461, 1573-4803","Advanced ceramic materials synthesis, Aluminum Alloys Composites Properties, Advanced materials and composites, Microstructure and mechanical properties, Aluminum Alloy Microstructure Properties, Metal and Thin Film Mechanics, Mechanical Behavior of Composites, Glass properties and applications",General Research,General Research,47814.0,1327154.0,307.0,3.6450819672131147,6.02,Q1,1,433809.85,240.72,Very High,95.0,95.0,OpenAlex live API,yes,OpenAlex live data with automatic fallback enrichment.,General Research journal published by Springer Science+Business Media.,2026-05-26 19:39:32
147,The Journal of Physical Chemistry C,N/A,2026,journal,OpenAlex Sources API,https://openalex.org/S95739953,http://pubs.acs.org/journals/jpccck/index.html,http://pubs.acs.org/journals/jpccck/index.html,Rolling,Continuous,Continuous,rolling_journal,subscription_or_unknown,Fee not available,False,American Chemical Society,US,"1932-7447, 1932-7455","Catalytic Processes in Materials Science, Quantum Dots Synthesis And Properties, Molecular Junctions and Nanostructures, Advanced Photocatalysis Techniques, Graphene research and applications, Gold and Silver Nanoparticles Synthesis and Applications, Electrocatalysts for Energy Conversion, Perovskite Materials and Applications",General Research,General Research,59034.0,2315373.0,369.0,3.2572778827977316,6.02,Q1,1,737578.16,240.68,Very High,95.0,95.0,OpenAlex live API,yes,OpenAlex live data with automatic fallback enrichment.,General Research journal published by American Chemical Society.,2026-05-26 19:39:07
164,Journal of The Electrochemical Society,N/A,2026,journal,OpenAlex Sources API,https://openalex.org/S138759888,http://jes.ecsdl.org,http://jes.ecsdl.org,Rolling,Continuous,Continuous,rolling_journal,subscription_or_unknown,Fee not available,False,Institute of Physics,US,"0013-4651, 1945-7111","Advancements in Battery Materials, Electrochemical Analysis and Applications, Advanced Battery Materials and Technologies, Semiconductor materials and devices, Electrocatalysts for Energy Conversion, Advanced Battery Technologies Research, Fuel Cells and Related Materials, Corrosion Behavior and Inhibition",General Research,General Research,55785.0,2163106.0,418.0,3.337936046511628,6.01,Q1,1,696477.2,240.59,Very High,95.0,95.0,OpenAlex live API,yes,OpenAlex live data with automatic fallback enrichment.,General Research journal published by Institute of Physics.,2026-05-26 19:39:11
122,Optics Express,N/A,2026,journal,OpenAlex Sources API,https://openalex.org/S178776955,http://www.osapublishing.org/oe/,http://www.osapublishing.org/oe/,Rolling,Continuous,Continuous,rolling_journal,paid_oa,2270 USD,True,Optica Publishing Group,US,1094-4087,"Photonic and Optical Devices, Advanced Fiber Laser Technologies, Optical Network Technologies, Advanced Fiber Optic Sensors, Plasmonic and Surface Plasmon Research, Photonic Crystals and Applications, Photonic Crystal and Fiber Optics, Advanced Photonic Communication Systems",General Research,General Research,67147.0,2152649.0,340.0,2.8826373626373627,6.01,Q1,1,686653.53,240.36,Very High,95.0,95.0,OpenAlex live API,yes,OpenAlex live data with automatic fallback enrichment.,General Research journal published by Optica Publishing Group.,2026-05-26 19:39:00
151,Physical Chemistry Chemical Physics,N/A,2026,journal,OpenAlex Sources API,https://openalex.org/S181332294,http://www.rsc.org/Publishing/Journals/CP/index.asp,http://www.rsc.org/Publishing/Journals/CP/index.asp,Rolling,Continuous,Continuous,rolling_journal,subscription_or_unknown,Fee not available,False,Royal Society of Chemistry,GB,"1463-9076, 1463-9084","Advanced Chemical Physics Studies, Spectroscopy and Quantum Chemical Studies, Photochemistry and Electron Transfer Studies, Catalytic Processes in Materials Science, Graphene research and applications, Molecular Junctions and Nanostructures, Electrochemical Analysis and Applications, Advanced Photocatalysis Techniques",General Research,General Research,58101.0,1717845.0,324.0,3.160250391236307,6.01,Q1,1,553721.61,240.29,Very High,95.0,95.0,OpenAlex live API,yes,OpenAlex live data with automatic fallback enrichment.,General Research journal published by Royal Society of Chemistry.,2026-05-26 19:39:08
125,Brain Research,N/A,2026,journal,OpenAlex Sources API,https://openalex.org/S96638545,https://www.journals.elsevier.com/brain-research,https://www.journals.elsevier.com/brain-research,Rolling,Continuous,Continuous,rolling_journal,subscription_or_unknown,3080 USD; 2810 EUR; 2470 GBP; 346070 JPY,False,Elsevier BV,NL,"0006-8993, 1872-6240","Neuroscience and Neuropharmacology Research, Neuropeptides and Animal Physiology, Receptor Mechanisms and Signaling, Neurotransmitter Receptor Influence on Behavior, Neuroendocrine regulation and behavior, Ion channel regulation and function, Pain Mechanisms and Treatments, Neural dynamics and brain function",General Research,General Research,66588.0,3051379.0,399.0,2.8263473053892216,6.0,Q1,1,962113.82,240.14,Very High,95.0,95.0,OpenAlex live API,yes,OpenAlex live data with automatic fallback enrichment.,General Research journal published by Elsevier BV.,2026-05-26 19:39:01
124,International Journal of Environmental Research and Public Health,N/A,2026,journal,OpenAlex Sources API,https://openalex.org/S15239247,http://www.mdpi.com/journal/ijerph/,http://www.mdpi.com/journal/ijerph/,Rolling,Continuous,Continuous,rolling_journal,paid_oa,2500 CHF,True,Multidisciplinary Digital Publishing Institute,CH,"1660-4601, 1661-7827","COVID-19 and Mental Health, Obesity, Physical Activity, Diet, Air Quality and Health Impacts, Health disparities and outcomes, Physical Activity and Health, Climate Change and Health Impacts, Urban Green Space and Health, Urban Transport and Accessibility",General Research,General Research,66608.0,1751267.0,313.0,2.813386944181646,6.0,Q1,1,563481.57,240.1,Very High,95.0,95.0,OpenAlex live API,yes,OpenAlex live data with automatic fallback enrichment.,General Research journal published by Multidisciplinary Digital Publishing Institute.,2026-05-26 19:39:01
195,Endocrinology,N/A,2026,journal,OpenAlex Sources API,https://openalex.org/S157527038,https://academic.oup.com/endo/,https://academic.oup.com/endo/,Rolling,Continuous,Continuous,rolling_journal,subscription_or_unknown,3400 USD,False,Oxford University Press,US,"0013-7227, 1945-7170","Growth Hormone and Insulin-like Growth Factors, Estrogen and related hormone effects, Hypothalamic control of reproductive hormones, Thyroid Disorders and Treatments, Stress Responses and Cortisol, Hormonal Regulation and Hypertension, Adipose Tissue and Metabolism, Pancreatic function and diabetes",General Research,General Research,51641.0,2367484.0,371.0,3.3092105263157894,6.0,Q1,1,752674.76,240.09,Very High,95.0,95.0,OpenAlex live API,yes,OpenAlex live data with automatic fallback enrichment.,General Research journal published by Oxford University Press.,2026-05-26 19:39:21
24,Choice Reviews Online,N/A,2026,journal,OpenAlex Sources API,https://openalex.org/S2764375719,http://www.ala.org/ala/mgrps/divs/acrl/publications/choice/index.cfm,http://www.ala.org/ala/mgrps/divs/acrl/publications/choice/index.cfm,Rolling,Continuous,Continuous,rolling_journal,subscription_or_unknown,Fee not available,False,Association of College and Research Libraries,US,"0009-4978, 1523-8253, 1943-5975","American Constitutional Law and Politics, Race, History, and American Society, American Environmental and Regional History, Cinema and Media Studies, Musicology and Musical Analysis, Jewish and Middle Eastern Studies, American History and Culture, Art, Politics, and Modernism",General Research,General Research,195835.0,12907079.0,1179.0,0.0,6.0,Q1,1,4009607.2,240.0,Very High,95.0,95.0,OpenAlex live API,yes,OpenAlex live data with automatic fallback enrichment.,General Research journal published by Association of College and Research Libraries.,2026-05-26 19:38:36
11,BMJ,N/A,2026,journal,OpenAlex Sources API,https://openalex.org/S192814187,http://www.bmj.com/thebmj,http://www.bmj.com/thebmj,Rolling,Continuous,Continuous,rolling_journal,subscription_or_unknown,Fee not available,False,BMJ,GB,0959-8138,"Diverse Scientific and Economic Studies, Human auditory perception and evaluation, Healthcare Systems and Challenges, Healthcare Policy and Management, Medical History and Innovations, Health Services Management and Policy, History of Medical Practice, Primary Care and Health Outcomes",General Research,General Research,308640.0,3415182.0,606.0,0.0,6.0,Q1,1,1116018.6,240.0,Very High,95.0,95.0,OpenAlex live API,yes,OpenAlex live data with automatic fallback enrichment.,General Research journal published by BMJ.,2026-05-26 19:38:33
273,Journal of Neuroscience,N/A,2026,journal,OpenAlex Sources API,https://openalex.org/S5555990,http://www.jneurosci.org/,http://www.jneurosci.org/,Rolling,Continuous,Continuous,rolling_journal,subscription_or_unknown,Fee not available,False,Society for Neuroscience,US,"0270-6474, 1529-2401","Neuroscience and Neuropharmacology Research, Neural dynamics and brain function, Neurogenesis and neuroplasticity mechanisms, Memory and Neural Mechanisms, Ion channel regulation and function, Neurobiology and Insect Physiology Research, Visual perception and processing mechanisms, Receptor Mechanisms and Signaling",General Research,General Research,42219.0,5153208.0,653.0,3.5863636363636364,6.0,Q1,1,1615663.62,239.98,Very High,95.0,95.0,OpenAlex live API,yes,OpenAlex live data with automatic fallback enrichment.,General Research journal published by Society for Neuroscience.,2026-05-26 19:39:42
268,Journal of Dairy Science,N/A,2026,journal,OpenAlex Sources API,https://openalex.org/S28349394,https://www.journals.elsevier.com/journal-of-dairy-science,https://www.journals.elsevier.com/journal-of-dairy-science,Rolling,Continuous,Continuous,rolling_journal,paid_oa,3500 USD,True,Elsevier BV,US,"0022-0302, 1525-3198, 1529-9066","Ruminant Nutrition and Digestive Physiology, Genetic and phenotypic traits in livestock, Reproductive Physiology in Livestock, Milk Quality and Mastitis in Dairy Cows, Probiotics and Fermented Foods, Effects of Environmental Stressors on Livestock, Animal Behavior and Welfare Studies, Meat and Animal Product Quality",General Research,General Research,42609.0,1548521.0,322.0,3.5159458278724336,6.0,Q1,1,501193.0,239.81,Very High,95.0,95.0,OpenAlex live API,yes,OpenAlex live data with automatic fallback enrichment.,General Research journal published by Elsevier BV.,2026-05-26 19:39:41
143,Journal of the Franklin Institute,N/A,2026,journal,OpenAlex Sources API,https://openalex.org/S183498172,https://www.journals.elsevier.com/journal-of-the-franklin-institute,https://www.journals.elsevier.com/journal-of-the-franklin-institute,Rolling,Continuous,Continuous,rolling_journal,subscription_or_unknown,2700 USD; 2460 EUR; 2160 GBP; 303370 JPY,False,Elsevier BV,US,"0016-0032, 1879-2693","Diverse Scientific and Economic Studies, Stability and Control of Uncertain Systems, Adaptive Control of Nonlinear Systems, Neural Networks Stability and Synchronization, Human auditory perception and evaluation, Distributed Control Multi-Agent Systems, Educational Robotics and Engineering, Fault Detection and Control Systems",General Research,General Research,59826.0,768305.0,328.0,2.9420765027322404,6.0,Q1,1,269421.2,239.81,Very High,95.0,95.0,OpenAlex live API,yes,OpenAlex live data with automatic fallback enrichment.,General Research journal published by Elsevier BV.,2026-05-26 19:39:06
187,Chemistry - A European Journal,N/A,2026,journal,OpenAlex Sources API,https://openalex.org/S68911691,http://www.wiley-vch.de/publish/en/journals/alphabeticIndex/2111/,http://www.wiley-vch.de/publish/en/journals/alphabeticIndex/2111/,Rolling,Continuous,Continuous,rolling_journal,subscription_or_unknown,4640 USD; 3040 GBP; 4070 EUR,False,Wiley,DE,"0947-6539, 1521-3765","Catalytic C–H Functionalization Methods, Luminescence and Fluorescent Materials, Organometallic Complex Synthesis and Catalysis, Metal-Organic Frameworks: Synthesis and Applications, Asymmetric Hydrogenation and Catalysis, Chemical Synthesis and Analysis, Porphyrin and Phthalocyanine Chemistry, Magnetism in coordination complexes",General Research,General Research,52677.0,1775131.0,299.0,3.328453980348907,6.0,Q1,1,567873.42,239.8,Very High,95.0,95.0,OpenAlex live API,yes,OpenAlex live data with automatic fallback enrichment.,General Research journal published by Wiley.,2026-05-26 19:39:18
324,Sensors and Actuators B Chemical,N/A,2026,journal,OpenAlex Sources API,https://openalex.org/S98455728,https://www.journals.elsevier.com/sensors-and-actuators-b-chemical,https://www.journals.elsevier.com/sensors-and-actuators-b-chemical,Rolling,Continuous,Continuous,rolling_journal,subscription_or_unknown,4500 USD; 4100 EUR; 3600 GBP; 505620 JPY,False,Elsevier BV,NL,"0925-4005, 1873-3077","Analytical Chemistry and Sensors, Gas Sensing Nanomaterials and Sensors, Advanced biosensing and bioanalysis techniques, Advanced Chemical Sensor Technologies, Electrochemical sensors and biosensors, Electrochemical Analysis and Applications, Biosensors and Analytical Detection, Molecular Sensors and Ion Detection",General Research,General Research,38308.0,1607677.0,275.0,7.373104371097234,5.99,Q1,1,514002.56,239.7,Very High,95.0,95.0,OpenAlex live API,yes,OpenAlex live data with automatic fallback enrichment.,General Research journal published by Elsevier BV.,2026-05-26 19:39:54
320,Applied and Environmental Microbiology,N/A,2026,journal,OpenAlex Sources API,https://openalex.org/S158228368,http://aem.asm.org/,http://aem.asm.org/,Rolling,Continuous,Continuous,rolling_journal,free_oa,Fee not available,True,American Society for Microbiology,US,"0099-2240, 1070-6291, 1098-5336","Microbial Community Ecology and Physiology, Probiotics and Fermented Foods, Bacteriophages and microbial interactions, Microbial Metabolic Engineering and Bioproduction, Genomics and Phylogenetic Studies, Bacterial Genetics and Biotechnology, Microbial bioremediation and biosurfactants, Biofuel production and bioconversion",General Research,General Research,38636.0,3108497.0,478.0,3.568862275449102,5.99,Q1,1,984391.14,239.57,Very High,95.0,95.0,OpenAlex live API,yes,OpenAlex live data with automatic fallback enrichment.,General Research journal published by American Society for Microbiology.,2026-05-26 19:39:53
328,Life Sciences,N/A,2026,journal,OpenAlex Sources API,https://openalex.org/S175775512,http://www.elsevier.com/wps/find/journaldescription.cws_home/525477/description,http://www.elsevier.com/wps/find/journaldescription.cws_home/525477/description,Rolling,Continuous,Continuous,rolling_journal,subscription_or_unknown,3300 USD; 3010 EUR; 2640 GBP; 370790 JPY,False,Elsevier BV,GB,"0024-3205, 1879-0631","Receptor Mechanisms and Signaling, Neuroscience and Neuropharmacology Research, Neuropeptides and Animal Physiology, Neurotransmitter Receptor Influence on Behavior, Nitric Oxide and Endothelin Effects, Ion channel regulation and function, Pain Mechanisms and Treatments, Stress Responses and Cortisol",General Research,General Research,37842.0,1210020.0,287.0,5.544632086851628,5.99,Q1,1,395767.43,239.57,Very High,95.0,95.0,OpenAlex live API,yes,OpenAlex live data with automatic fallback enrichment.,General Research journal published by Elsevier BV.,2026-05-26 19:39:55
71,American Journal of Obstetrics and Gynecology,N/A,2026,journal,OpenAlex Sources API,https://openalex.org/S122347013,https://www.sciencedirect.com/journal/american-journal-of-obstetrics-and-gynecology,https://www.sciencedirect.com/journal/american-journal-of-obstetrics-and-gynecology,Rolling,Continuous,Continuous,rolling_journal,subscription_or_unknown,Fee not available,False,Elsevier BV,US,"0002-9378, 1085-8709, 1097-6868","Pregnancy and preeclampsia studies, Maternal and Perinatal Health Interventions, Preterm Birth and Chorioamnionitis, Maternal and fetal healthcare, Gestational Diabetes Research and Management, Birth, Development, and Health, Neonatal Respiratory Health Research, Assisted Reproductive Technology and Twin Pregnancy",General Research,General Research,95630.0,1998209.0,383.0,1.630887536046139,5.99,Q1,1,647407.24,239.46,Very High,95.0,95.0,OpenAlex live API,yes,OpenAlex live data with automatic fallback enrichment.,General Research journal published by Elsevier BV.,2026-05-26 19:38:47
399,International Journal of Cancer,N/A,2026,journal,OpenAlex Sources API,https://openalex.org/S5382288,http://onlinelibrary.wiley.com/journal/10.1002/(ISSN)1097-0215,http://onlinelibrary.wiley.com/journal/10.1002/(ISSN)1097-0215,Rolling,Continuous,Continuous,rolling_journal,subscription_or_unknown,4840 USD; 3240 GBP; 4120 EUR,False,Wiley,US,"0020-7136, 1097-0215","Immunotherapy and Immune Responses, Immune Cell Function and Interaction, Monoclonal and Polyclonal Antibodies Research, Genetic factors in colorectal cancer, Cervical Cancer and HPV Research, Cancer-related Molecular Pathways, Cancer Risks and Factors, Cancer Genomics and Diagnostics",General Research,General Research,33266.0,1674535.0,327.0,3.697289156626506,5.99,Q1,1,538571.96,239.42,Very High,95.0,95.0,OpenAlex live API,yes,OpenAlex live data with automatic fallback enrichment.,General Research journal published by Wiley.,2026-05-26 19:40:14
119,Chemical Physics Letters,N/A,2026,journal,OpenAlex Sources API,https://openalex.org/S44567922,http://www.journals.elsevier.com/chemical-physics-letters,http://www.journals.elsevier.com/chemical-physics-letters,Rolling,Continuous,Continuous,rolling_journal,subscription_or_unknown,3340 USD; 3050 EUR; 2670 GBP; 375280 JPY,False,Elsevier BV,NL,"0009-2614, 1873-4448","Advanced Chemical Physics Studies, Spectroscopy and Quantum Chemical Studies, Photochemistry and Electron Transfer Studies, Spectroscopy and Laser Applications, Atomic and Molecular Physics, Atmospheric Ozone and Climate, Molecular Spectroscopy and Structure, Quantum, superfluid, helium dynamics",General Research,General Research,68089.0,1944885.0,343.0,2.5329380764163374,5.99,Q1,1,624701.05,239.41,Very High,95.0,95.0,OpenAlex live API,yes,OpenAlex live data with automatic fallback enrichment.,General Research journal published by Elsevier BV.,2026-05-26 19:38:59
394,Journal of Clinical Microbiology,N/A,2026,journal,OpenAlex Sources API,https://openalex.org/S53087977,http://jcm.asm.org/,http://jcm.asm.org/,Rolling,Continuous,Continuous,rolling_journal,free_oa,Fee not available,True,American Society for Microbiology,US,"0095-1137, 1070-633X, 1098-660X","Bacterial Identification and Susceptibility Testing, Mycobacterium research and diagnosis, Antimicrobial Resistance in Staphylococcus, Viral gastroenteritis research and epidemiology, Antibiotic Resistance in Bacteria, Tuberculosis Research and Epidemiology, Streptococcal Infections and Treatments, Antifungal resistance and susceptibility",General Research,General Research,33432.0,1907603.0,365.0,3.677621283255086,5.98,Q1,1,612307.98,239.38,Very High,95.0,95.0,OpenAlex live API,yes,OpenAlex live data with automatic fallback enrichment.,General Research journal published by American Society for Microbiology.,2026-05-26 19:40:13
193,The Journal of Physical Chemistry B,N/A,2026,journal,OpenAlex Sources API,https://openalex.org/S185621672,http://pubs.acs.org/journals/jpcbfk/index.html,http://pubs.acs.org/journals/jpcbfk/index.html,Rolling,Continuous,Continuous,rolling_journal,subscription_or_unknown,Fee not available,False,American Chemical Society,US,"1520-5207, 1520-6106","Spectroscopy and Quantum Chemical Studies, Protein Structure and Dynamics, Photochemistry and Electron Transfer Studies, Surfactants and Colloidal Systems, Electrochemical Analysis and Applications, Lipid Membrane Structure and Behavior, Advanced Chemical Physics Studies, Molecular Junctions and Nanostructures",General Research,General Research,52094.0,2626646.0,446.0,3.0485372340425534,5.98,Q1,1,837955.63,239.36,Very High,95.0,95.0,OpenAlex live API,yes,OpenAlex live data with automatic fallback enrichment.,General Research journal published by American Chemical Society.,2026-05-26 19:39:20
201,Frontiers in Psychology,N/A,2026,journal,OpenAlex Sources API,https://openalex.org/S9692511,http://www.frontiersin.org/psychology,http://www.frontiersin.org/psychology,Rolling,Continuous,Continuous,rolling_journal,paid_oa,2950 USD,True,Frontiers Media,CH,1664-1078,"Neural and Behavioral Psychology Studies, Child and Adolescent Psychosocial and Emotional Development, COVID-19 and Mental Health, Behavioral Health and Interventions, Job Satisfaction and Organizational Behavior, Motivation and Self-Concept in Sports, Neurobiology of Language and Bilingualism, Reading and Literacy Development",General Research,General Research,51202.0,1281277.0,303.0,3.0584562996594777,5.98,Q1,1,419956.22,239.3,Very High,95.0,95.0,OpenAlex live API,yes,OpenAlex live data with automatic fallback enrichment.,General Research journal published by Frontiers Media.,2026-05-26 19:39:27
241,Industrial & Engineering Chemistry Research,N/A,2026,journal,OpenAlex Sources API,https://openalex.org/S202680183,http://pubs.acs.org/journal/iecred,http://pubs.acs.org/journal/iecred,Rolling,Continuous,Continuous,rolling_journal,subscription_or_unknown,Fee not available,False,American Chemical Society,US,"0888-5885, 1520-5045","Catalytic Processes in Materials Science, Process Optimization and Integration, Phase Equilibria and Thermodynamics, Advanced Control Systems Optimization, Catalysis and Oxidation Reactions, Carbon Dioxide Capture Technologies, Catalysis and Hydrodesulfurization Studies, Membrane Separation and Gas Transport",General Research,General Research,46168.0,1548533.0,297.0,3.6722303359065305,5.98,Q1,1,499060.31,239.28,Very High,95.0,95.0,OpenAlex live API,yes,OpenAlex live data with automatic fallback enrichment.,General Research journal published by American Chemical Society.,2026-05-26 19:39:35
112,European Heart Journal,N/A,2026,journal,OpenAlex Sources API,https://openalex.org/S181568219,http://eurheartj.oxfordjournals.org/,http://eurheartj.oxfordjournals.org/,Rolling,Continuous,Continuous,rolling_journal,subscription_or_unknown,4238 EUR,False,Oxford University Press,GB,"0195-668X, 1522-9645","Cardiac Imaging and Diagnostics, Cardiovascular Function and Risk Factors, Atrial Fibrillation Management and Outcomes, Cardiac Valve Diseases and Treatments, Acute Myocardial Infarction Research, Coronary Interventions and Diagnostics, Cardiac Arrhythmias and Treatments, Cardiac pacing and defibrillation studies",General Research,General Research,69850.0,1661359.0,452.0,2.4051104604737823,5.98,Q1,1,550712.96,239.2,Very High,95.0,95.0,OpenAlex live API,yes,OpenAlex live data with automatic fallback enrichment.,General Research journal published by Oxford University Press.,2026-05-26 19:38:57
388,Antimicrobial Agents and Chemotherapy,N/A,2026,journal,OpenAlex Sources API,https://openalex.org/S47215897,http://aac.asm.org/,http://aac.asm.org/,Rolling,Continuous,Continuous,rolling_journal,subscription_or_unknown,Fee not available,False,American Society for Microbiology,US,"0066-4804, 1070-6283, 1098-6596","Antibiotic Resistance in Bacteria, Antibiotics Pharmacokinetics and Efficacy, Antimicrobial Resistance in Staphylococcus, Antifungal resistance and susceptibility, Pneumonia and Respiratory Infections, Bacterial Identification and Susceptibility Testing, HIV/AIDS drug development and treatment, Bacterial biofilms and quorum sensing",General Research,General Research,33827.0,1863188.0,355.0,3.6005612722170253,5.98,Q1,1,598019.13,239.18,Very High,95.0,95.0,OpenAlex live API,yes,OpenAlex live data with automatic fallback enrichment.,General Research journal published by American Society for Microbiology.,2026-05-26 19:40:12
314,The Journal of Infectious Diseases,N/A,2026,journal,OpenAlex Sources API,https://openalex.org/S54542293,http://jid.oxfordjournals.org/,http://jid.oxfordjournals.org/,Rolling,Continuous,Continuous,rolling_journal,subscription_or_unknown,4320 USD,False,Oxford University Press,US,"0022-1899, 1537-6613","HIV Research and Treatment, Respiratory viral infections research, Viral gastroenteritis research and epidemiology, Herpesvirus Infections and Treatments, Cytomegalovirus and herpesvirus research, Pneumonia and Respiratory Infections, HIV/AIDS Research and Interventions, Influenza Virus Research Studies",General Research,General Research,38875.0,1904587.0,371.0,3.426860025220681,5.98,Q1,1,612534.94,239.17,Very High,95.0,95.0,OpenAlex live API,yes,OpenAlex live data with automatic fallback enrichment.,General Research journal published by Oxford University Press.,2026-05-26 19:39:52
327,Biochemical Journal,N/A,2026,journal,OpenAlex Sources API,https://openalex.org/S44425019,http://www.biochemj.org/,http://www.biochemj.org/,Rolling,Continuous,Continuous,rolling_journal,subscription_or_unknown,Fee not available,False,Portland Press,GB,"0264-6021, 1470-8728","Glycosylation and Glycoproteins Research, Protein Kinase Regulation and GTPase Signaling, Pancreatic function and diabetes, Metabolism and Genetic Disorders, Amino Acid Enzymes and Metabolism, Cellular transport and secretion, Mitochondrial Function and Pathology, Ion channel regulation and function",General Research,General Research,37845.0,2059503.0,402.0,3.4313725490196076,5.98,Q1,1,662006.97,239.08,Very High,95.0,95.0,OpenAlex live API,yes,OpenAlex live data with automatic fallback enrichment.,General Research journal published by Portland Press.,2026-05-26 19:39:55
107,Biochemistry,N/A,2026,journal,OpenAlex Sources API,https://openalex.org/S104038378,http://pubs.acs.org/journal/bichaw,http://pubs.acs.org/journal/bichaw,Rolling,Continuous,Continuous,rolling_journal,subscription_or_unknown,Fee not available,False,American Chemical Society,US,"0006-2960, 1520-4995, 1943-295X","Enzyme Structure and Function, DNA and Nucleic Acid Chemistry, Protein Structure and Dynamics, RNA and protein synthesis mechanisms, Photosynthetic Processes and Mechanisms, Lipid Membrane Structure and Behavior, Hemoglobin structure and function, Biochemical and Molecular Research",General Research,General Research,71036.0,3916277.0,441.0,2.2338624338624338,5.97,Q1,1,1226198.39,238.81,Very High,95.0,95.0,OpenAlex live API,yes,OpenAlex live data with automatic fallback enrichment.,General Research journal published by American Chemical Society.,2026-05-26 19:38:54
240,The Journal of Physiology,N/A,2026,journal,OpenAlex Sources API,https://openalex.org/S2090548,https://physoc.onlinelibrary.wiley.com/journal/14697793,https://physoc.onlinelibrary.wiley.com/journal/14697793,Rolling,Continuous,Continuous,rolling_journal,subscription_or_unknown,4940 USD; 3290 GBP; 4120 EUR,False,Wiley,GB,"0022-3751, 1469-7793","Ion channel regulation and function, Neuroscience and Neuropharmacology Research, Neuroscience and Neural Engineering, Neuroscience of respiration and sleep, Cardiac electrophysiology and arrhythmias, Muscle activation and electromyography studies, Photoreceptor and optogenetics research, Neural dynamics and brain function",General Research,General Research,46190.0,2678332.0,483.0,3.0096385542168673,5.97,Q1,1,856569.08,238.65,Very High,95.0,95.0,OpenAlex live API,yes,OpenAlex live data with automatic fallback enrichment.,General Research journal published by Wiley.,2026-05-26 19:39:35
165,Journal of Hepatology,N/A,2026,journal,OpenAlex Sources API,https://openalex.org/S83651209,https://www.journals.elsevier.com/journal-of-hepatology,https://www.journals.elsevier.com/journal-of-hepatology,Rolling,Continuous,Continuous,rolling_journal,subscription_or_unknown,4950 USD; 4510 EUR; 3960 GBP; 556180 JPY,False,Elsevier BV,DK,"0168-8278, 1600-0641","Liver Disease Diagnosis and Treatment, Hepatitis C virus research, Liver Disease and Transplantation, Hepatitis B Virus Studies, Liver Diseases and Immunity, Liver physiology and pathology, Hepatocellular Carcinoma Treatment and Prognosis, Organ Transplantation Techniques and Outcomes",General Research,General Research,55723.0,1120793.0,379.0,2.6919590067008277,5.97,Q1,1,379844.8,238.65,Very High,95.0,95.0,OpenAlex live API,yes,OpenAlex live data with automatic fallback enrichment.,General Research journal published by Elsevier BV.,2026-05-26 19:39:11
48,The American Historical Review,N/A,2026,journal,OpenAlex Sources API,https://openalex.org/S197437610,http://www.americanhistoricalreview.org/,http://www.americanhistoricalreview.org/,Rolling,Continuous,Continuous,rolling_journal,subscription_or_unknown,4400 USD,False,Oxford University Press,US,"0002-8762, 1937-5239","American Constitutional Law and Politics, Historical Studies and Socio-cultural Analysis, American History and Culture, Vietnamese History and Culture Studies, Race, History, and American Society, European Political History Analysis, European history and politics, Historical Economic and Social Studies",General Research,General Research,134569.0,1556255.0,384.0,0.03909205548549811,5.96,Q1,1,518735.35,238.57,Very High,95.0,95.0,OpenAlex live API,yes,OpenAlex live data with automatic fallback enrichment.,General Research journal published by Oxford University Press.,2026-05-26 19:38:42
342,Journal of the American Ceramic Society,N/A,2026,journal,OpenAlex Sources API,https://openalex.org/S53162366,http://onlinelibrary.wiley.com/journal/10.1111/(ISSN)1551-2916,http://onlinelibrary.wiley.com/journal/10.1111/(ISSN)1551-2916,Rolling,Continuous,Continuous,rolling_journal,subscription_or_unknown,4070 USD; 2730 GBP; 3400 EUR,False,Wiley,US,"0002-7820, 1551-2916","Advanced ceramic materials synthesis, Ferroelectric and Piezoelectric Materials, Glass properties and applications, Microwave Dielectric Ceramics Synthesis, Advanced materials and composites, Nuclear materials and radiation effects, Luminescence Properties of Advanced Materials, Aluminum Alloys Composites Properties",General Research,General Research,36698.0,1286323.0,320.0,3.296579887697805,5.96,Q1,1,421731.53,238.56,Very High,95.0,95.0,OpenAlex live API,yes,OpenAlex live data with automatic fallback enrichment.,General Research journal published by Wiley.,2026-05-26 19:39:58
380,Infection and Immunity,N/A,2026,journal,OpenAlex Sources API,https://openalex.org/S128227336,http://iai.asm.org/,http://iai.asm.org/,Rolling,Continuous,Continuous,rolling_journal,free_oa,Fee not available,True,American Society for Microbiology,US,"0019-9567, 1070-6313, 1098-5522","Escherichia coli research studies, Immune Response and Inflammation, Bacterial Infections and Vaccines, Streptococcal Infections and Treatments, Pneumonia and Respiratory Infections, Vibrio bacteria research studies, Viral gastroenteritis research and epidemiology, Bacterial Genetics and Biotechnology",General Research,General Research,34258.0,2020230.0,333.0,3.356807511737089,5.96,Q1,1,642962.64,238.5,Very High,95.0,95.0,OpenAlex live API,yes,OpenAlex live data with automatic fallback enrichment.,General Research journal published by American Society for Microbiology.,2026-05-26 19:40:10
142,FEBS Letters,N/A,2026,journal,OpenAlex Sources API,https://openalex.org/S104830714,http://onlinelibrary.wiley.com/journal/10.1002/(ISSN)1873-3468,http://onlinelibrary.wiley.com/journal/10.1002/(ISSN)1873-3468,Rolling,Continuous,Continuous,rolling_journal,subscription_or_unknown,3610 USD; 2210 GBP; 2880 EUR,False,Wiley,NL,"0014-5793, 1873-3468","Photosynthetic Processes and Mechanisms, RNA and protein synthesis mechanisms, Mitochondrial Function and Pathology, Ion channel regulation and function, Enzyme Structure and Function, Glycosylation and Glycoproteins Research, Lipid Membrane Structure and Behavior, RNA modifications and cancer",General Research,General Research,59879.0,2458278.0,391.0,2.49933598937583,5.96,Q1,1,782696.27,238.49,Very High,95.0,95.0,OpenAlex live API,yes,OpenAlex live data with automatic fallback enrichment.,General Research journal published by Wiley.,2026-05-26 19:39:06
244,Optics Letters,N/A,2026,journal,OpenAlex Sources API,https://openalex.org/S134390580,http://www.opticsinfobase.org/ol/,http://www.opticsinfobase.org/ol/,Rolling,Continuous,Continuous,rolling_journal,subscription_or_unknown,Fee not available,False,Optica Publishing Group,US,"0146-9592, 1071-2763, 1539-4794","Advanced Fiber Laser Technologies, Photonic and Optical Devices, Laser-Matter Interactions and Applications, Advanced Fiber Optic Sensors, Photorefractive and Nonlinear Optics, Solid State Laser Technologies, Optical Network Technologies, Photonic Crystal and Fiber Optics",General Research,General Research,45888.0,1670478.0,345.0,2.933377748167888,5.96,Q1,1,540378.87,238.39,Very High,95.0,95.0,OpenAlex live API,yes,OpenAlex live data with automatic fallback enrichment.,General Research journal published by Optica Publishing Group.,2026-05-26 19:39:35
73,Neurology,N/A,2026,journal,OpenAlex Sources API,https://openalex.org/S79704628,http://www.neurology.org/,http://www.neurology.org/,Rolling,Continuous,Continuous,rolling_journal,subscription_or_unknown,Fee not available,False,Lippincott Williams & Wilkins,US,"0028-3878, 1526-632X","Epilepsy research and treatment, Multiple Sclerosis Research Studies, Acute Ischemic Stroke Management, Parkinson's Disease Mechanisms and Treatments, Neurological disorders and treatments, Genetic Neurodegenerative Diseases, Peripheral Neuropathies and Disorders, Dementia and Cognitive Impairment Research",General Research,General Research,93429.0,3243886.0,523.0,1.3341628154994667,5.96,Q1,1,1034875.41,238.35,Very High,95.0,95.0,OpenAlex live API,yes,OpenAlex live data with automatic fallback enrichment.,General Research journal published by Lippincott Williams & Wilkins.,2026-05-26 19:38:48
199,International Journal of Biological Macromolecules,N/A,2026,journal,OpenAlex Sources API,https://openalex.org/S83853393,http://www.journals.elsevier.com/international-journal-of-biological-macromolecules/,http://www.journals.elsevier.com/international-journal-of-biological-macromolecules/,Rolling,Continuous,Continuous,rolling_journal,subscription_or_unknown,4100 USD; 3740 EUR; 3280 GBP; 460680 JPY,False,Elsevier BV,NL,"0141-8130, 1879-0003","Nanocomposite Films for Food Packaging, Polysaccharides and Plant Cell Walls, Polysaccharides Composition and Applications, Electrospun Nanofibers in Biomedical Applications, Advanced Cellulose Research Studies, biodegradable polymer synthesis and properties, Proteins in Food Systems, Food composition and properties",General Research,General Research,51469.0,1494329.0,267.0,7.617956458104647,5.95,Q1,1,480526.5,238.15,Very High,95.0,95.0,OpenAlex live API,yes,OpenAlex live data with automatic fallback enrichment.,General Research journal published by Elsevier BV.,2026-05-26 19:39:22
152,Anesthesiology,N/A,2026,journal,OpenAlex Sources API,https://openalex.org/S124035732,http://journals.lww.com/anesthesiology/pages/default.aspx,http://journals.lww.com/anesthesiology/pages/default.aspx,Rolling,Continuous,Continuous,rolling_journal,subscription_or_unknown,Fee not available,False,Lippincott Williams & Wilkins,US,"0003-3022, 1528-1175","Cardiac, Anesthesia and Surgical Outcomes, Anesthesia and Sedative Agents, Anesthesia and Pain Management, Anesthesia and Neurotoxicity Research, Airway Management and Intubation Techniques, Respiratory Support and Mechanisms, Hemodynamic Monitoring and Therapy, Medical History and Innovations",General Research,General Research,58079.0,1293022.0,367.0,2.3465818759936408,5.95,Q1,1,430531.83,237.85,Very High,95.0,95.0,OpenAlex live API,yes,OpenAlex live data with automatic fallback enrichment.,General Research journal published by Lippincott Williams & Wilkins.,2026-05-26 19:39:08
386,Chemical Engineering Science,N/A,2026,journal,OpenAlex Sources API,https://openalex.org/S33892871,http://www.journals.elsevier.com/chemical-engineering-science/,http://www.journals.elsevier.com/chemical-engineering-science/,Rolling,Continuous,Continuous,rolling_journal,subscription_or_unknown,4140 USD; 3780 EUR; 3310 GBP; 465170 JPY,False,Elsevier BV,GB,"0009-2509, 1873-4405","Fluid Dynamics and Mixing, Granular flow and fluidized beds, Catalytic Processes in Materials Science, Innovative Microfluidic and Catalytic Techniques Innovation, Fluid Dynamics and Heat Transfer, Process Optimization and Integration, Minerals Flotation and Separation Techniques, Particle Dynamics in Fluid Flows",General Research,General Research,33832.0,1169003.0,294.0,4.021894336030462,5.94,Q1,1,383685.19,237.75,Very High,95.0,95.0,OpenAlex live API,yes,OpenAlex live data with automatic fallback enrichment.,General Research journal published by Elsevier BV.,2026-05-26 19:40:11
43,Angewandte Chemie,N/A,2026,journal,OpenAlex Sources API,https://openalex.org/S4210200754,https://onlinelibrary.wiley.com/journal/14791838,https://onlinelibrary.wiley.com/journal/14791838,Rolling,Continuous,Continuous,rolling_journal,subscription_or_unknown,5250 USD; 3500 GBP; 4220 EUR,False,Wiley,DE,"0044-8249, 1521-3757","History and advancements in chemistry, Chemistry and Chemical Engineering, Inorganic and Organometallic Chemistry, Organometallic Complex Synthesis and Catalysis, Chemical Synthesis and Analysis, Catalytic C–H Functionalization Methods, Asymmetric Synthesis and Catalysis, Polyoxometalates: Synthesis and Applications",General Research,General Research,141384.0,1811521.0,284.0,1.8420928402832415,5.94,Q1,1,586086.8,237.46,Very High,95.0,95.0,OpenAlex live API,yes,OpenAlex live data with automatic fallback enrichment.,General Research journal published by Wiley.,2026-05-26 19:38:40
62,The Journal of Immunology,N/A,2026,journal,OpenAlex Sources API,https://openalex.org/S38008053,http://www.jimmunol.org/,http://www.jimmunol.org/,Rolling,Continuous,Continuous,rolling_journal,subscription_or_unknown,Fee not available,False,American Association of Immunologists,US,"0022-1767, 1550-6606","Immune Cell Function and Interaction, T-cell and B-cell Immunology, Immunotherapy and Immune Responses, Monoclonal and Polyclonal Antibodies Research, Immune Response and Inflammation, CAR-T cell therapy research, Cell Adhesion Molecules Research, Glycosylation and Glycoproteins Research",General Research,General Research,105594.0,5128206.0,529.0,0.6218927169646751,5.94,Q1,1,1601952.29,237.43,Very High,95.0,95.0,OpenAlex live API,yes,OpenAlex live data with automatic fallback enrichment.,General Research journal published by American Association of Immunologists.,2026-05-26 19:38:45
95,Plastic & Reconstructive Surgery,N/A,2026,journal,OpenAlex Sources API,https://openalex.org/S100736837,http://www.plasreconsurg.com/,http://www.plasreconsurg.com/,Rolling,Continuous,Continuous,rolling_journal,subscription_or_unknown,Fee not available,False,Lippincott Williams & Wilkins,US,"0032-1052, 1076-5751, 1529-4242","Reconstructive Surgery and Microvascular Techniques, Reconstructive Facial Surgery Techniques, Breast Implant and Reconstruction, Facial Rejuvenation and Surgery Techniques, Cleft Lip and Palate Research, Orthopedic Surgery and Rehabilitation, Body Contouring and Surgery, Craniofacial Disorders and Treatments",General Research,General Research,79195.0,1299287.0,307.0,1.3944076526857985,5.93,Q1,1,428475.32,237.1,Very High,95.0,95.0,OpenAlex live API,yes,OpenAlex live data with automatic fallback enrichment.,General Research journal published by Lippincott Williams & Wilkins.,2026-05-26 19:38:52
205,The Journal of Pediatrics,N/A,2026,journal,OpenAlex Sources API,https://openalex.org/S3774022,https://www.sciencedirect.com/journal/the-journal-of-pediatrics,https://www.sciencedirect.com/journal/the-journal-of-pediatrics,Rolling,Continuous,Continuous,rolling_journal,subscription_or_unknown,4320 USD; 3940 EUR; 3460 GBP; 485400 JPY,False,Elsevier BV,US,"0022-3476, 1085-8695, 1097-6833","Neonatal Respiratory Health Research, Child and Adolescent Health, Metabolism and Genetic Disorders, Neonatal Health and Biochemistry, Infant Development and Preterm Care, Neonatal and fetal brain pathology, Neuroscience of respiration and sleep, Congenital Diaphragmatic Hernia Studies",General Research,General Research,50536.0,1550542.0,331.0,2.194,5.92,Q1,1,503425.9,236.64,Very High,95.0,95.0,OpenAlex live API,yes,OpenAlex live data with automatic fallback enrichment.,General Research journal published by Elsevier BV.,2026-05-26 19:39:27
397,Biochemical Pharmacology,N/A,2026,journal,OpenAlex Sources API,https://openalex.org/S185534594,http://www.elsevier.com/wps/find/journaldescription.cws_home/525454/description,http://www.elsevier.com/wps/find/journaldescription.cws_home/525454/description,Rolling,Continuous,Continuous,rolling_journal,subscription_or_unknown,3700 USD; 3370 EUR; 2960 GBP; 415730 JPY,False,Elsevier BV,GB,"0006-2952, 1873-2968","Pharmacogenetics and Drug Metabolism, Drug Transport and Resistance Mechanisms, Receptor Mechanisms and Signaling, Neuroscience and Neuropharmacology Research, Ion channel regulation and function, Eicosanoids and Hypertension Pharmacology, Metabolism and Genetic Disorders, Nitric Oxide and Endothelin Effects",General Research,General Research,33344.0,1211107.0,291.0,4.086565486228218,5.91,Q1,1,395970.83,236.54,Very High,95.0,95.0,OpenAlex live API,yes,OpenAlex live data with automatic fallback enrichment.,General Research journal published by Elsevier BV.,2026-05-26 19:40:14
381,Journal of Applied Physiology,N/A,2026,journal,OpenAlex Sources API,https://openalex.org/S140889577,http://jap.physiology.org/,http://jap.physiology.org/,Rolling,Continuous,Continuous,rolling_journal,subscription_or_unknown,Fee not available,False,American Physiological Society,US,"1522-1601, 8750-7587","Neuroscience of respiration and sleep, Cardiovascular and exercise physiology, Respiratory Support and Mechanisms, Heart Rate Variability and Autonomic Control, Chronic Obstructive Pulmonary Disease (COPD) Research, Muscle metabolism and nutrition, Sports Performance and Training, Thermoregulation and physiological responses",General Research,General Research,34113.0,1840673.0,402.0,2.6968973747016705,5.91,Q1,1,595948.04,236.5,Very High,95.0,95.0,OpenAlex live API,yes,OpenAlex live data with automatic fallback enrichment.,General Research journal published by American Physiological Society.,2026-05-26 19:40:11
248,Anesthesia & Analgesia,N/A,2026,journal,OpenAlex Sources API,https://openalex.org/S104698359,http://www.anesthesia-analgesia.org/,http://www.anesthesia-analgesia.org/,Rolling,Continuous,Continuous,rolling_journal,subscription_or_unknown,Fee not available,False,Lippincott Williams & Wilkins,CN,"0003-2999, 1526-7598","Anesthesia and Pain Management, Anesthesia and Sedative Agents, Cardiac, Anesthesia and Surgical Outcomes, Airway Management and Intubation Techniques, Anesthesia and Neurotoxicity Research, Nausea and vomiting management, Hemodynamic Monitoring and Therapy, Respiratory Support and Mechanisms",General Research,General Research,45634.0,1129784.0,298.0,2.612472160356347,5.91,Q1,1,373429.22,236.5,Very High,95.0,95.0,OpenAlex live API,yes,OpenAlex live data with automatic fallback enrichment.,General Research journal published by Lippincott Williams & Wilkins.,2026-05-26 19:39:36
117,Applied Surface Science,N/A,2026,journal,OpenAlex Sources API,https://openalex.org/S42323631,https://www.journals.elsevier.com/applied-surface-science,https://www.journals.elsevier.com/applied-surface-science,Rolling,Continuous,Continuous,rolling_journal,subscription_or_unknown,3670 USD; 3350 EUR; 2940 GBP; 412360 JPY,False,Elsevier BV,NL,"0169-4332, 1873-5584","Advanced Photocatalysis Techniques, Semiconductor materials and devices, ZnO doping and properties, Gas Sensing Nanomaterials and Sensors, Catalytic Processes in Materials Science, Metal and Thin Film Mechanics, Diamond and Carbon-based Materials Research, Graphene research and applications",General Research,General Research,68609.0,2020260.0,273.0,5.564200217627857,5.91,Q1,1,640517.11,236.4,Very High,95.0,95.0,OpenAlex live API,yes,OpenAlex live data with automatic fallback enrichment.,General Research journal published by Elsevier BV.,2026-05-26 19:38:58
170,The American Journal of Cardiology,N/A,2026,journal,OpenAlex Sources API,https://openalex.org/S185186944,https://www.sciencedirect.com/journal/the-american-journal-of-cardiology,https://www.sciencedirect.com/journal/the-american-journal-of-cardiology,Rolling,Continuous,Continuous,rolling_journal,subscription_or_unknown,3310 USD; 3020 EUR; 2650 GBP; 371910 JPY,False,Elsevier BV,US,"0002-9149, 1879-1913","Cardiac Imaging and Diagnostics, Cardiovascular Function and Risk Factors, Cardiac electrophysiology and arrhythmias, Cardiac Arrhythmias and Treatments, Coronary Interventions and Diagnostics, Cardiac Valve Diseases and Treatments, Acute Myocardial Infarction Research, Cardiac pacing and defibrillation studies",General Research,General Research,55308.0,1817273.0,352.0,1.9529411764705882,5.91,Q1,1,586010.35,236.39,Very High,95.0,95.0,OpenAlex live API,yes,OpenAlex live data with automatic fallback enrichment.,General Research journal published by Elsevier BV.,2026-05-26 19:39:13
84,International Journal of Radiation Oncology*Biology*Physics,N/A,2026,journal,OpenAlex Sources API,https://openalex.org/S110533041,https://www.journals.elsevier.com/international-journal-of-radiation-oncology-biology-physics,https://www.journals.elsevier.com/international-journal-of-radiation-oncology-biology-physics,Rolling,Continuous,Continuous,rolling_journal,subscription_or_unknown,4070 USD; 3710 EUR; 3260 GBP; 457310 JPY,False,Elsevier BV,US,"0360-3016, 1879-355X","Advanced Radiotherapy Techniques, Head and Neck Cancer Studies, Lung Cancer Diagnosis and Treatment, Prostate Cancer Diagnosis and Treatment, Radiation Therapy and Dosimetry, Glioma Diagnosis and Treatment, Effects of Radiation Exposure, Breast Cancer Treatment Studies",General Research,General Research,85708.0,1461766.0,346.0,0.841156356854212,5.9,Q1,1,481742.66,236.09,Very High,95.0,95.0,OpenAlex live API,yes,OpenAlex live data with automatic fallback enrichment.,General Research journal published by Elsevier BV.,2026-05-26 19:38:50
155,Tetrahedron,N/A,2026,journal,OpenAlex Sources API,https://openalex.org/S205754296,http://www.journals.elsevier.com/tetrahedron/,http://www.journals.elsevier.com/tetrahedron/,Rolling,Continuous,Continuous,rolling_journal,subscription_or_unknown,3370 USD; 3070 EUR; 2700 GBP; 378650 JPY,False,Elsevier BV,GB,"0040-4020, 1464-5416","Asymmetric Synthesis and Catalysis, Synthetic Organic Chemistry Methods, Chemical Synthesis and Analysis, Oxidative Organic Chemistry Reactions, Carbohydrate Chemistry and Synthesis, Catalytic C–H Functionalization Methods, Diverse Scientific and Economic Studies, Chemical Synthesis and Reactions",General Research,General Research,57207.0,1556045.0,305.0,1.7231726283048212,5.9,Q1,1,503120.36,235.89,Very High,95.0,95.0,OpenAlex live API,yes,OpenAlex live data with automatic fallback enrichment.,General Research journal published by Elsevier BV.,2026-05-26 19:39:09
70,Medicine & Science in Sports & Exercise,N/A,2026,journal,OpenAlex Sources API,https://openalex.org/S14544163,http://journals.lww.com/acsm-msse/pages/default.aspx,http://journals.lww.com/acsm-msse/pages/default.aspx,Rolling,Continuous,Continuous,rolling_journal,subscription_or_unknown,Fee not available,False,Lippincott Williams & Wilkins,US,"0195-9131, 1530-0315","Sports Performance and Training, Cardiovascular and exercise physiology, Sports injuries and prevention, Muscle metabolism and nutrition, Exercise and Physiological Responses, Physical Activity and Health, Muscle activation and electromyography studies, Cardiovascular Effects of Exercise",General Research,General Research,96412.0,1084373.0,360.0,0.3824046920821114,5.89,Q1,1,370972.22,235.79,Very High,95.0,95.0,OpenAlex live API,yes,OpenAlex live data with automatic fallback enrichment.,General Research journal published by Lippincott Williams & Wilkins.,2026-05-26 19:38:47
104,Annals of the Rheumatic Diseases,N/A,2026,journal,OpenAlex Sources API,https://openalex.org/S25650217,http://ard.bmj.com/,http://ard.bmj.com/,Rolling,Continuous,Continuous,rolling_journal,subscription_or_unknown,Fee not available,False,BMJ,GB,"0003-4967, 1468-2060","Rheumatoid Arthritis Research and Therapies, Systemic Lupus Erythematosus Research, Spondyloarthritis Studies and Treatments, Systemic Sclerosis and Related Diseases, Autoimmune and Inflammatory Disorders Research, Monoclonal and Polyclonal Antibodies Research, Osteoarthritis Treatment and Mechanisms, Bone and Joint Diseases",General Research,General Research,72937.0,1226145.0,367.0,1.1615579302587176,5.89,Q1,1,411895.28,235.78,Very High,95.0,95.0,OpenAlex live API,yes,OpenAlex live data with automatic fallback enrichment.,General Research journal published by BMJ.,2026-05-26 19:38:54
123,Annals of Oncology,N/A,2026,journal,OpenAlex Sources API,https://openalex.org/S41454044,https://www.sciencedirect.com/journal/annals-of-oncology,https://www.sciencedirect.com/journal/annals-of-oncology,Rolling,Continuous,Continuous,rolling_journal,subscription_or_unknown,4060 USD; 3700 EUR; 3250 GBP; 455810 JPY,False,Elsevier BV,NL,"0923-7534, 1569-8041","Lung Cancer Treatments and Mutations, Colorectal Cancer Treatments and Studies, Cancer Immunotherapy and Biomarkers, Cancer Genomics and Diagnostics, Cancer Treatment and Pharmacology, Gastric Cancer Management and Outcomes, Lung Cancer Research Studies, HER2/EGFR in Cancer Research",General Research,General Research,67114.0,1120067.0,385.0,1.2946642998851414,5.89,Q1,1,381296.23,235.6,Very High,95.0,95.0,OpenAlex live API,yes,OpenAlex live data with automatic fallback enrichment.,General Research journal published by Elsevier BV.,2026-05-26 19:39:00
76,The American Journal of Gastroenterology,N/A,2026,journal,OpenAlex Sources API,https://openalex.org/S66441642,http://www.nature.com/ajg/,http://www.nature.com/ajg/,Rolling,Continuous,Continuous,rolling_journal,subscription_or_unknown,Fee not available,False,Lippincott Williams & Wilkins,US,"0002-9270, 1572-0241","Inflammatory Bowel Disease, Gastrointestinal disorders and treatments, Microscopic Colitis, Esophageal and GI Pathology, Liver Disease Diagnosis and Treatment, Colorectal Cancer Screening and Detection, Eosinophilic Esophagitis, Gastric Cancer Management and Outcomes",General Research,General Research,92106.0,909615.0,333.0,0.4471240263630917,5.89,Q1,1,315417.46,235.55,Very High,95.0,95.0,OpenAlex live API,yes,OpenAlex live data with automatic fallback enrichment.,General Research journal published by Lippincott Williams & Wilkins.,2026-05-26 19:38:48
289,American Heart Journal,N/A,2026,journal,OpenAlex Sources API,https://openalex.org/S46995015,https://www.sciencedirect.com/journal/american-heart-journal,https://www.sciencedirect.com/journal/american-heart-journal,Rolling,Continuous,Continuous,rolling_journal,subscription_or_unknown,3800 USD; 3470 EUR; 3040 GBP; 426970 JPY,False,Elsevier BV,US,"0002-8703, 1097-6744","Cardiac Imaging and Diagnostics, Cardiac electrophysiology and arrhythmias, Cardiac Arrhythmias and Treatments, Cardiovascular Function and Risk Factors, Acute Myocardial Infarction Research, Cardiac Valve Diseases and Treatments, Atrial Fibrillation Management and Outcomes, Cardiac pacing and defibrillation studies",General Research,General Research,40923.0,1082604.0,298.0,2.387696709585122,5.88,Q1,1,358792.88,235.36,Very High,95.0,95.0,OpenAlex live API,yes,OpenAlex live data with automatic fallback enrichment.,General Research journal published by Elsevier BV.,2026-05-26 19:39:46
367,Archives of Biochemistry and Biophysics,N/A,2026,journal,OpenAlex Sources API,https://openalex.org/S153476765,http://www.elsevier.com/locate/yabbi,http://www.elsevier.com/locate/yabbi,Rolling,Continuous,Continuous,rolling_journal,subscription_or_unknown,3090 USD; 2820 EUR; 2470 GBP; 347190 JPY,False,Elsevier BV,NL,"0003-9861, 1096-0384","Photosynthetic Processes and Mechanisms, Metabolism and Genetic Disorders, Enzyme Structure and Function, Amino Acid Enzymes and Metabolism, Mitochondrial Function and Pathology, Pharmacogenetics and Drug Metabolism, Biochemical and Molecular Research, Hemoglobin structure and function",General Research,General Research,35123.0,1319922.0,295.0,3.0286458333333335,5.88,Q1,1,429140.33,235.35,Very High,95.0,95.0,OpenAlex live API,yes,OpenAlex live data with automatic fallback enrichment.,General Research journal published by Elsevier BV.,2026-05-26 19:40:07
158,Journal of Allergy and Clinical Immunology,N/A,2026,journal,OpenAlex Sources API,https://openalex.org/S108525051,https://www.sciencedirect.com/journal/journal-of-allergy-and-clinical-immunology,https://www.sciencedirect.com/journal/journal-of-allergy-and-clinical-immunology,Rolling,Continuous,Continuous,rolling_journal,subscription_or_unknown,4000 USD; 3650 EUR; 3200 GBP; 449440 JPY,False,Elsevier BV,US,"0091-6749, 1085-8725, 1097-6825","Asthma and respiratory diseases, Allergic Rhinitis and Sensitization, Food Allergy and Anaphylaxis Research, Dermatology and Skin Diseases, Contact Dermatitis and Allergies, Respiratory and Cough-Related Research, Drug-Induced Adverse Reactions, Mast cells and histamine",General Research,General Research,56815.0,1508524.0,408.0,1.5318170820227437,5.88,Q1,1,499115.29,235.28,Very High,95.0,95.0,OpenAlex live API,yes,OpenAlex live data with automatic fallback enrichment.,General Research journal published by Elsevier BV.,2026-05-26 19:39:09
87,CHEST Journal,N/A,2026,journal,OpenAlex Sources API,https://openalex.org/S76900504,https://www.sciencedirect.com/journal/chest,https://www.sciencedirect.com/journal/chest,Rolling,Continuous,Continuous,rolling_journal,subscription_or_unknown,3790 USD; 3460 EUR; 3030 GBP; 425840 JPY,False,Elsevier BV,US,"0012-3692, 1931-3543","Chronic Obstructive Pulmonary Disease (COPD) Research, Respiratory Support and Mechanisms, Interstitial Lung Diseases and Idiopathic Pulmonary Fibrosis, Tracheal and airway disorders, Lung Cancer Diagnosis and Treatment, Asthma and respiratory diseases, Pleural and Pulmonary Diseases, Pulmonary Hypertension Research and Treatments",General Research,General Research,85149.0,1958966.0,407.0,0.5589948231233822,5.88,Q1,1,636932.65,235.19,Very High,95.0,95.0,OpenAlex live API,yes,OpenAlex live data with automatic fallback enrichment.,General Research journal published by Elsevier BV.,2026-05-26 19:38:51
382,BMC Public Health,N/A,2026,journal,OpenAlex Sources API,https://openalex.org/S200437886,https://link.springer.com/journal/12889,https://link.springer.com/journal/12889,Rolling,Continuous,Continuous,rolling_journal,paid_oa,1870 GBP,True,BioMed Central,GB,1471-2458,"Obesity, Physical Activity, Diet, Physical Activity and Health, Health disparities and outcomes, HIV/AIDS Research and Interventions, Global Maternal and Child Health, Adolescent Sexual and Reproductive Health, Child Nutrition and Water Access, Smoking Behavior and Cessation",General Research,General Research,34107.0,1102683.0,288.0,4.002739457978671,5.88,Q1,1,363215.74,235.02,Very High,95.0,95.0,OpenAlex live API,yes,OpenAlex live data with automatic fallback enrichment.,General Research journal published by BioMed Central.,2026-05-26 19:40:11
88,Biophysical Journal,N/A,2026,journal,OpenAlex Sources API,https://openalex.org/S98085912,https://www.sciencedirect.com/journal/biophysical-journal,https://www.sciencedirect.com/journal/biophysical-journal,Rolling,Continuous,Continuous,rolling_journal,subscription_or_unknown,2500 USD; 2240 EUR; 2000 GBP; 280900 JPY,False,Elsevier BV,US,"0006-3495, 1542-0086","Lipid Membrane Structure and Behavior, Protein Structure and Dynamics, Ion channel regulation and function, Cardiac electrophysiology and arrhythmias, RNA and protein synthesis mechanisms, Force Microscopy Techniques and Applications, Cellular Mechanics and Interactions, DNA and Nucleic Acid Chemistry",General Research,General Research,83926.0,1662480.0,385.0,0.4107364384797564,5.87,Q1,1,545657.14,234.62,Very High,95.0,95.0,OpenAlex live API,yes,OpenAlex live data with automatic fallback enrichment.,General Research journal published by Elsevier BV.,2026-05-26 19:38:51
213,Stroke,N/A,2026,journal,OpenAlex Sources API,https://openalex.org/S62532593,http://stroke.ahajournals.org/,http://stroke.ahajournals.org/,Rolling,Continuous,Continuous,rolling_journal,subscription_or_unknown,Fee not available,False,Lippincott Williams & Wilkins,US,"0039-2499, 1524-4628","Acute Ischemic Stroke Management, Cerebrovascular and Carotid Artery Diseases, Stroke Rehabilitation and Recovery, Intracerebral and Subarachnoid Hemorrhage Research, Intracranial Aneurysms: Treatment and Complications, Traumatic Brain Injury and Neurovascular Disturbances, Neurological Disease Mechanisms and Treatments, Neuroinflammation and Neurodegeneration Mechanisms",General Research,General Research,49969.0,2032464.0,456.0,1.5227225130890052,5.86,Q1,1,660412.24,234.57,Very High,95.0,95.0,OpenAlex live API,yes,OpenAlex live data with automatic fallback enrichment.,General Research journal published by Lippincott Williams & Wilkins.,2026-05-26 19:39:29
211,American Journal of Ophthalmology,N/A,2026,journal,OpenAlex Sources API,https://openalex.org/S50016660,https://www.sciencedirect.com/journal/american-journal-of-ophthalmology,https://www.sciencedirect.com/journal/american-journal-of-ophthalmology,Rolling,Continuous,Continuous,rolling_journal,subscription_or_unknown,4390 USD; 4000 EUR; 3510 GBP; 493260 JPY,False,Elsevier BV,US,"0002-9394, 1879-1891","Glaucoma and retinal disorders, Intraocular Surgery and Lenses, Corneal surgery and disorders, Retinal Diseases and Treatments, Retinal and Macular Surgery, Ocular Diseases and Behçet’s Syndrome, Ophthalmology and Visual Impairment Studies, Ocular Surface and Contact Lens",General Research,General Research,50154.0,1126071.0,289.0,3.1563944530046224,5.86,Q1,1,371894.52,234.53,Very High,95.0,95.0,OpenAlex live API,yes,OpenAlex live data with automatic fallback enrichment.,General Research journal published by Elsevier BV.,2026-05-26 19:39:29
276,European Journal of Cancer,N/A,2026,journal,OpenAlex Sources API,https://openalex.org/S16731738,https://www.journals.elsevier.com/european-journal-of-cancer,https://www.journals.elsevier.com/european-journal-of-cancer,Rolling,Continuous,Continuous,rolling_journal,subscription_or_unknown,3800 USD; 3470 EUR; 3040 GBP; 426970 JPY,False,Elsevier BV,GB,"0959-8049, 1879-0852","Breast Cancer Treatment Studies, Cancer Treatment and Pharmacology, Lung Cancer Treatments and Mutations, Colorectal Cancer Treatments and Studies, Cancer Immunotherapy and Biomarkers, Cancer Genomics and Diagnostics, HER2/EGFR in Cancer Research, Lymphoma Diagnosis and Treatment",General Research,General Research,41935.0,839114.0,296.0,2.3100196463654226,5.86,Q1,1,285643.2,234.32,Very High,95.0,95.0,OpenAlex live API,yes,OpenAlex live data with automatic fallback enrichment.,General Research journal published by Elsevier BV.,2026-05-26 19:39:43
74,"Physical review. B, Condensed matter",N/A,2026,journal,OpenAlex Sources API,https://openalex.org/S4210174675,http://journals.aps.org,http://journals.aps.org,Rolling,Continuous,Continuous,rolling_journal,subscription_or_unknown,Fee not available,False,American Physical Society,US,"0163-1829, 1095-3795","Physics of Superconductivity and Magnetism, Quantum and electron transport phenomena, Advanced Chemical Physics Studies, Theoretical and Computational Physics, Advanced Condensed Matter Physics, Semiconductor Quantum Structures and Devices, Surface and Thin Film Phenomena, Magnetic properties of thin films",General Research,General Research,93139.0,5495656.0,600.0,0.0,5.86,Q1,1,1718010.7,234.31,Very High,95.0,95.0,OpenAlex live API,yes,OpenAlex live data with automatic fallback enrichment.,General Research journal published by American Physical Society.,2026-05-26 19:38:48
135,Fertility and Sterility,N/A,2026,journal,OpenAlex Sources API,https://openalex.org/S45445671,https://www.journals.elsevier.com/fertility-and-sterility,https://www.journals.elsevier.com/fertility-and-sterility,Rolling,Continuous,Continuous,rolling_journal,subscription_or_unknown,4020 USD; 3670 EUR; 3220 GBP; 451690 JPY,False,Elsevier BV,US,"0015-0282, 1556-5653","Reproductive Biology and Fertility, Ovarian function and disorders, Assisted Reproductive Technology and Twin Pregnancy, Reproductive Health and Technologies, Sperm and Testicular Function, Endometriosis Research and Treatment, Reproductive System and Pregnancy, Prenatal Screening and Diagnostics",General Research,General Research,62185.0,1338525.0,321.0,0.9795330066301527,5.85,Q1,1,439924.98,234.16,Very High,95.0,95.0,OpenAlex live API,yes,OpenAlex live data with automatic fallback enrichment.,General Research journal published by Elsevier BV.,2026-05-26 19:39:03
278,Monthly Weather Review,N/A,2026,journal,OpenAlex Sources API,https://openalex.org/S90791864,http://www2.ametsoc.org/ams/index.cfm/publications/journals/monthly-weather-review/,http://www2.ametsoc.org/ams/index.cfm/publications/journals/monthly-weather-review/,Rolling,Continuous,Continuous,rolling_journal,subscription_or_unknown,Fee not available,False,American Meteorological Society,US,"0027-0644, 1520-0493","Meteorological Phenomena and Simulations, Climate variability and models, Tropical and Extratropical Cyclones Research, Diverse Scientific and Economic Studies, Legal case studies and regulations, Earthquake and Disaster Impact Studies, Legal Cases and Commentary, History and Developments in Astronomy",General Research,General Research,41860.0,778546.0,319.0,1.6027777777777779,5.85,Q1,1,269729.94,233.99,Very High,95.0,95.0,OpenAlex live API,yes,OpenAlex live data with automatic fallback enrichment.,General Research journal published by American Meteorological Society.,2026-05-26 19:39:44
157,Journal of the American Academy of Dermatology,N/A,2026,journal,OpenAlex Sources API,https://openalex.org/S58727509,https://www.journals.elsevier.com/journal-of-the-american-academy-of-dermatology,https://www.journals.elsevier.com/journal-of-the-american-academy-of-dermatology,Rolling,Continuous,Continuous,rolling_journal,subscription_or_unknown,4200 USD; 3830 EUR; 3360 GBP; 471910 JPY,False,Elsevier BV,US,"0190-9622, 1097-6787","Cutaneous Melanoma Detection and Management, Dermatology and Skin Diseases, Psoriasis: Treatment and Pathogenesis, Autoimmune Bullous Skin Diseases, Nonmelanoma Skin Cancer Studies, Cutaneous lymphoproliferative disorders research, Nail Diseases and Treatments, Diverse Scientific and Economic Studies",General Research,General Research,56993.0,1079970.0,322.0,1.023078228406584,5.84,Q1,1,361941.45,233.77,Very High,95.0,95.0,OpenAlex live API,yes,OpenAlex live data with automatic fallback enrichment.,General Research journal published by Elsevier BV.,2026-05-26 19:39:09
156,Critical Care Medicine,N/A,2026,journal,OpenAlex Sources API,https://openalex.org/S108732581,http://www.ccmjournal.com/,http://www.ccmjournal.com/,Rolling,Continuous,Continuous,rolling_journal,subscription_or_unknown,Fee not available,False,Lippincott Williams & Wilkins,US,"0090-3493, 1530-0293","Sepsis Diagnosis and Treatment, Respiratory Support and Mechanisms, Intensive Care Unit Cognitive Disorders, Cardiac Arrest and Resuscitation, Cardiac, Anesthesia and Surgical Outcomes, Hemodynamic Monitoring and Therapy, Mechanical Circulatory Support Devices, Nosocomial Infections in ICU",General Research,General Research,57049.0,1368823.0,386.0,0.9573806881243063,5.84,Q1,1,454999.67,233.58,Very High,95.0,95.0,OpenAlex live API,yes,OpenAlex live data with automatic fallback enrichment.,General Research journal published by Lippincott Williams & Wilkins.,2026-05-26 19:39:09
86,Journal of Geophysical Research Atmospheres,N/A,2026,journal,OpenAlex Sources API,https://openalex.org/S207178839,http://www.agu.org/journals/jgr/,http://www.agu.org/journals/jgr/,Rolling,Continuous,Continuous,rolling_journal,subscription_or_unknown,Fee not available,False,American Geophysical Union,US,"0148-0227, 2156-2202","Ionosphere and magnetosphere dynamics, Solar and Space Plasma Dynamics, Atmospheric Ozone and Climate, Atmospheric chemistry and aerosols, Geomagnetism and Paleomagnetism Studies, earthquake and tectonic studies, Astro and Planetary Science, Geological and Geochemical Analysis",General Research,General Research,85494.0,6253228.0,653.0,0.0,5.84,Q1,1,1949817.8,233.55,Very High,95.0,95.0,OpenAlex live API,yes,OpenAlex live data with automatic fallback enrichment.,General Research journal published by American Geophysical Union.,2026-05-26 19:38:50
371,The American Journal of Medicine,N/A,2026,journal,OpenAlex Sources API,https://openalex.org/S186920367,https://www.sciencedirect.com/journal/the-american-journal-of-medicine,https://www.sciencedirect.com/journal/the-american-journal-of-medicine,Rolling,Continuous,Continuous,rolling_journal,subscription_or_unknown,3390 USD; 3090 EUR; 2710 GBP; 380900 JPY,False,Elsevier BV,US,"0002-9343, 1555-7162","Venous Thromboembolism Diagnosis and Management, Blood Pressure and Hypertension Studies, Cardiac Imaging and Diagnostics, Atrial Fibrillation Management and Outcomes, Electrolyte and hormonal disorders, Heart Failure Treatment and Management, Cardiac electrophysiology and arrhythmias, Acute Myocardial Infarction Research",General Research,General Research,34900.0,1477968.0,385.0,1.5793991416309012,5.83,Q1,1,485459.37,233.23,Very High,95.0,95.0,OpenAlex live API,yes,OpenAlex live data with automatic fallback enrichment.,General Research journal published by Elsevier BV.,2026-05-26 19:40:08
75,Journal of Alloys and Compounds,N/A,2026,journal,OpenAlex Sources API,https://openalex.org/S67716761,https://www.journals.elsevier.com/journal-of-alloys-and-compounds,https://www.journals.elsevier.com/journal-of-alloys-and-compounds,Rolling,Continuous,Continuous,rolling_journal,subscription_or_unknown,3410 USD; 3110 EUR; 2730 GBP; 383150 JPY,False,Elsevier BV,NL,"0925-8388, 1873-4669","Aluminum Alloys Composites Properties, Advancements in Battery Materials, Luminescence Properties of Advanced Materials, Rare-earth and actinide compounds, Advanced Photocatalysis Techniques, Supercapacitor Materials and Fabrication, Magnetic and transport properties of perovskites and related materials, Hydrogen Storage and Materials",General Research,General Research,92289.0,2360921.0,261.0,5.348666232921275,5.82,Q1,1,743872.63,232.72,Very High,95.0,95.0,OpenAlex live API,yes,OpenAlex live data with automatic fallback enrichment.,General Research journal published by Elsevier BV.,2026-05-26 19:38:48
175,Physics Today,N/A,2026,journal,OpenAlex Sources API,https://openalex.org/S180907581,http://www.physicstoday.org/,http://www.physicstoday.org/,Rolling,Continuous,Continuous,rolling_journal,subscription_or_unknown,Fee not available,False,AIP Publishing,US,"0031-9228, 1945-0699","Science, Research, and Medicine, International Science and Diplomacy, Diverse Scientific and Economic Studies, History and advancements in chemistry, History and Developments in Astronomy, Twentieth Century Scientific Developments, Educational Robotics and Engineering, Human auditory perception and evaluation",General Research,General Research,54635.0,1004810.0,461.0,0.6657381615598886,5.81,Q1,1,353039.79,232.46,Very High,95.0,95.0,OpenAlex live API,yes,OpenAlex live data with automatic fallback enrichment.,General Research journal published by AIP Publishing.,2026-05-26 19:39:14
109,Physical Review B,N/A,2026,journal,OpenAlex Sources API,https://openalex.org/S6791298,http://journals.aps.org/prb/,http://journals.aps.org/prb/,Rolling,Continuous,Continuous,rolling_journal,subscription_or_unknown,2675 USD,False,American Physical Society,US,"1098-0121, 1538-4489, 1550-235X","Quantum and electron transport phenomena, Physics of Superconductivity and Magnetism, Advanced Condensed Matter Physics, Magnetic and transport properties of perovskites and related materials, Magnetic properties of thin films, Graphene research and applications, Semiconductor Quantum Structures and Devices, Rare-earth and actinide compounds",General Research,General Research,70312.0,3199074.0,451.0,0.0,5.8,Q1,1,1011853.4,232.03,Very High,95.0,95.0,OpenAlex live API,yes,OpenAlex live data with automatic fallback enrichment.,General Research journal published by American Physical Society.,2026-05-26 19:38:55
251,Neurosurgery,N/A,2026,journal,OpenAlex Sources API,https://openalex.org/S111727011,http://www.neurosurgery-online.com/,http://www.neurosurgery-online.com/,Rolling,Continuous,Continuous,rolling_journal,subscription_or_unknown,Fee not available,False,Lippincott Williams & Wilkins,US,"0148-396X, 1081-1281, 1524-4040","Intracranial Aneurysms: Treatment and Complications, Traumatic Brain Injury and Neurovascular Disturbances, Meningioma and schwannoma management, Cerebrospinal fluid and hydrocephalus, Glioma Diagnosis and Treatment, Vascular Malformations Diagnosis and Treatment, Spine and Intervertebral Disc Pathology, Spinal Fractures and Fixation Techniques",General Research,General Research,45417.0,1038794.0,301.0,0.8123158515026517,5.8,Q1,1,346320.52,231.98,Very High,95.0,95.0,OpenAlex live API,yes,OpenAlex live data with automatic fallback enrichment.,General Research journal published by Lippincott Williams & Wilkins.,2026-05-26 19:39:37
189,British journal of surgery,N/A,2026,journal,OpenAlex Sources API,https://openalex.org/S61740008,http://www.bjs.co.uk/,http://www.bjs.co.uk/,Rolling,Continuous,Continuous,rolling_journal,subscription_or_unknown,3039 GBP,False,Oxford University Press,GB,"0007-1323, 1365-2168","Cardiac, Anesthesia and Surgical Outcomes, Colorectal Cancer Surgical Treatments, Hernia repair and management, Gallbladder and Bile Duct Disorders, Diverticular Disease and Complications, History of Medical Practice, Esophageal and GI Pathology, Gastric Cancer Management and Outcomes",General Research,General Research,52416.0,1035852.0,310.0,0.4912926992632284,5.79,Q1,1,347021.76,231.72,Very High,95.0,95.0,OpenAlex live API,yes,OpenAlex live data with automatic fallback enrichment.,General Research journal published by Oxford University Press.,2026-05-26 19:39:18
260,Journal of Investigative Dermatology,N/A,2026,journal,OpenAlex Sources API,https://openalex.org/S28607811,https://www.sciencedirect.com/journal/journal-of-investigative-dermatology,https://www.sciencedirect.com/journal/journal-of-investigative-dermatology,Rolling,Continuous,Continuous,rolling_journal,subscription_or_unknown,3400 USD; 3100 EUR; 2720 GBP; 382020 JPY,False,Elsevier BV,US,"0022-202X, 1523-1747","Dermatology and Skin Diseases, Skin and Cellular Biology Research, Skin Protection and Aging, Autoimmune Bullous Skin Diseases, melanin and skin pigmentation, Psoriasis: Treatment and Pathogenesis, Hair Growth and Disorders, Immunotherapy and Immune Responses",General Research,General Research,44364.0,1133616.0,310.0,0.6659043262816847,5.79,Q1,1,375554.5,231.43,Very High,95.0,95.0,OpenAlex live API,yes,OpenAlex live data with automatic fallback enrichment.,General Research journal published by Elsevier BV.,2026-05-26 19:39:39
302,Journal of Pharmacology and Experimental Therapeutics,N/A,2026,journal,OpenAlex Sources API,https://openalex.org/S102125482,http://jpet.aspetjournals.org/,http://jpet.aspetjournals.org/,Rolling,Continuous,Continuous,rolling_journal,subscription_or_unknown,Fee not available,False,American Society for Pharmacology and Experimental Therapeutics,US,"0022-3565, 1521-0103","Receptor Mechanisms and Signaling, Neuroscience and Neuropharmacology Research, Neurotransmitter Receptor Influence on Behavior, Neuropeptides and Animal Physiology, Ion channel regulation and function, Diverse Scientific and Economic Studies, Pharmacological Receptor Mechanisms and Effects, Pain Mechanisms and Treatments",General Research,General Research,40039.0,1498328.0,325.0,0.7800183318056828,5.78,Q1,1,486041.3,231.34,Very High,95.0,95.0,OpenAlex live API,yes,OpenAlex live data with automatic fallback enrichment.,General Research journal published by American Society for Pharmacology and Experimental Therapeutics.,2026-05-26 19:39:49
265,Diabetes,N/A,2026,journal,OpenAlex Sources API,https://openalex.org/S129060628,http://diabetes.diabetesjournals.org/,http://diabetes.diabetesjournals.org/,Rolling,Continuous,Continuous,rolling_journal,subscription_or_unknown,Fee not available,False,American Diabetes Association,US,"0012-1797, 1939-327X","Pancreatic function and diabetes, Diabetes Management and Research, Diabetes and associated disorders, Diabetes Treatment and Management, Metabolism, Diabetes, and Cancer, Adipose Tissue and Metabolism, Diet and metabolism studies, Adipokines, Inflammation, and Metabolic Diseases",General Research,General Research,43405.0,1833039.0,446.0,0.6348360655737705,5.78,Q1,1,598883.94,231.25,Very High,95.0,95.0,OpenAlex live API,yes,OpenAlex live data with automatic fallback enrichment.,General Research journal published by American Diabetes Association.,2026-05-26 19:39:41
159,The Journal of Physical Chemistry,N/A,2026,journal,OpenAlex Sources API,https://openalex.org/S24459064,http://pubs3.acs.org/acs/journals/toc.page?incoden=jpchax,http://pubs3.acs.org/acs/journals/toc.page?incoden=jpchax,Rolling,Continuous,Continuous,rolling_journal,subscription_or_unknown,Fee not available,False,American Chemical Society,US,"0022-3654, 1541-5740","Spectroscopy and Quantum Chemical Studies, Electrochemical Analysis and Applications, Photochemistry and Electron Transfer Studies, Advanced Chemical Physics Studies, Molecular Junctions and Nanostructures, Various Chemistry Research Topics, Molecular spectroscopy and chirality, Catalysis and Oxidation Reactions",General Research,General Research,56793.0,2265005.0,415.0,0.0,5.77,Q1,1,726680.8,230.68,Very High,95.0,95.0,OpenAlex live API,yes,OpenAlex live data with automatic fallback enrichment.,General Research journal published by American Chemical Society.,2026-05-26 19:39:10
172,Physical Review A,N/A,2026,journal,OpenAlex Sources API,https://openalex.org/S164566984,http://journals.aps.org/pra/,http://journals.aps.org/pra/,Rolling,Continuous,Continuous,rolling_journal,subscription_or_unknown,2675 USD,False,American Physical Society,US,"1050-2947, 1094-1622, 1538-4446","Cold Atom Physics and Bose-Einstein Condensates, Quantum Information and Cryptography, Atomic and Molecular Physics, Quantum Mechanics and Applications, Quantum optics and atomic interactions, Advanced Chemical Physics Studies, Laser-Matter Interactions and Applications, Quantum Computing Algorithms and Architecture",General Research,General Research,55093.0,2179075.0,383.0,0.0,5.76,Q1,1,697531.8,230.51,Very High,95.0,95.0,OpenAlex live API,yes,OpenAlex live data with automatic fallback enrichment.,General Research journal published by American Physical Society.,2026-05-26 19:39:13
263,European Journal of Pharmacology,N/A,2026,journal,OpenAlex Sources API,https://openalex.org/S187816532,http://www.elsevier.com/wps/find/journaldescription.cws_home/506087/description#description,http://www.elsevier.com/wps/find/journaldescription.cws_home/506087/description#description,Rolling,Continuous,Continuous,rolling_journal,subscription_or_unknown,2790 USD; 2540 EUR; 2230 GBP; 313480 JPY,False,Elsevier BV,NL,"0014-2999, 1879-0712","Receptor Mechanisms and Signaling, Neuroscience and Neuropharmacology Research, Neuropeptides and Animal Physiology, Neurotransmitter Receptor Influence on Behavior, Ion channel regulation and function, Nitric Oxide and Endothelin Effects, Pain Mechanisms and Treatments, Cardiac electrophysiology and arrhythmias",General Research,General Research,44035.0,1335753.0,276.0,3.9141824751580847,5.76,Q1,1,432925.11,230.35,Very High,95.0,95.0,OpenAlex live API,yes,OpenAlex live data with automatic fallback enrichment.,General Research journal published by Elsevier BV.,2026-05-26 19:39:39
274,The Journal of Physical Chemistry A,N/A,2026,journal,OpenAlex Sources API,https://openalex.org/S146709414,http://pubs.acs.org/journal/jpcafh,http://pubs.acs.org/journal/jpcafh,Rolling,Continuous,Continuous,rolling_journal,subscription_or_unknown,Fee not available,False,American Chemical Society,US,"1089-5639, 1520-5215","Advanced Chemical Physics Studies, Spectroscopy and Quantum Chemical Studies, Photochemistry and Electron Transfer Studies, Atmospheric chemistry and aerosols, Atmospheric Ozone and Climate, Molecular Spectroscopy and Structure, Spectroscopy and Laser Applications, Free Radicals and Antioxidants",General Research,General Research,42066.0,1389512.0,285.0,2.541405962458594,5.75,Q1,1,449687.27,230.08,Very High,95.0,95.0,OpenAlex live API,yes,OpenAlex live data with automatic fallback enrichment.,General Research journal published by American Chemical Society.,2026-05-26 19:39:42
365,American Journal of Respiratory and Critical Care Medicine,N/A,2026,journal,OpenAlex Sources API,https://openalex.org/S93356601,http://www.atsjournals.org/journal/ajrccm,http://www.atsjournals.org/journal/ajrccm,Rolling,Continuous,Continuous,rolling_journal,subscription_or_unknown,Fee not available,False,American Thoracic Society,US,"1073-449X, 1535-4970","Chronic Obstructive Pulmonary Disease (COPD) Research, Asthma and respiratory diseases, Respiratory Support and Mechanisms, Interstitial Lung Diseases and Idiopathic Pulmonary Fibrosis, Neonatal Respiratory Health Research, Pulmonary Hypertension Research and Treatments, Respiratory and Cough-Related Research, Inhalation and Respiratory Drug Delivery",General Research,General Research,35172.0,1886566.0,506.0,0.5074127525583836,5.75,Q1,1,620112.37,230.04,Very High,95.0,95.0,OpenAlex live API,yes,OpenAlex live data with automatic fallback enrichment.,General Research journal published by American Thoracic Society.,2026-05-26 19:40:07
214,Physical Review,N/A,2026,journal,OpenAlex Sources API,https://openalex.org/S54862371,http://journals.aps.org/,http://journals.aps.org/,Rolling,Continuous,Continuous,rolling_journal,subscription_or_unknown,Fee not available,False,American Institute of Physics,US,"0031-899X, 1536-6065","Nuclear physics research studies, Nuclear Physics and Applications, Atomic and Molecular Physics, Advanced Chemical Physics Studies, Quantum, superfluid, helium dynamics, Quantum Chromodynamics and Particle Interactions, Atomic and Subatomic Physics Research, Particle physics theoretical and experimental studies",General Research,General Research,49721.0,3152151.0,633.0,0.0,5.75,Q1,1,1013917.4,229.97,Very High,95.0,95.0,OpenAlex live API,yes,OpenAlex live data with automatic fallback enrichment.,General Research journal published by American Institute of Physics.,2026-05-26 19:39:29
38,The Medical Journal of Australia,N/A,2026,journal,OpenAlex Sources API,https://openalex.org/S13978405,https://onlinelibrary.wiley.com/journal/13265377,https://onlinelibrary.wiley.com/journal/13265377,Rolling,Continuous,Continuous,rolling_journal,subscription_or_unknown,3090 USD; 2320 GBP; 2630 EUR,False,Wiley,AU,"0025-729X, 1326-5377","Global Health Workforce Issues, Pasture and Agricultural Systems, Australian Indigenous Culture and History, Diverse Scientific and Economic Studies, Australian History and Society, Indigenous Health, Education, and Rights, Human auditory perception and evaluation, Invertebrate Taxonomy and Ecology",General Research,General Research,153227.0,783296.0,260.0,2.6464019851116625,5.75,Q1,1,276443.82,229.94,Very High,95.0,95.0,OpenAlex live API,yes,OpenAlex live data with automatic fallback enrichment.,General Research journal published by Wiley.,2026-05-26 19:38:39
378,Journal of the American Society of Nephrology,N/A,2026,journal,OpenAlex Sources API,https://openalex.org/S115693375,http://jasn.asnjournals.org,http://jasn.asnjournals.org,Rolling,Continuous,Continuous,rolling_journal,subscription_or_unknown,Fee not available,False,American Society of Nephrology,Unknown,"1046-6673, 1533-3450","Renal Diseases and Glomerulopathies, Dialysis and Renal Disease Management, Chronic Kidney Disease and Diabetes, Renal Transplantation Outcomes and Treatments, Renal and related cancers, Genetic and Kidney Cyst Diseases, Acute Kidney Injury Research, Parathyroid Disorders and Treatments",General Research,General Research,34385.0,998379.0,370.0,0.3857701007608472,5.74,Q1,1,339971.49,229.6,Very High,95.0,95.0,OpenAlex live API,yes,OpenAlex live data with automatic fallback enrichment.,General Research journal published by American Society of Nephrology.,2026-05-26 19:40:10
351,American Journal of Roentgenology,N/A,2026,journal,OpenAlex Sources API,https://openalex.org/S161085503,https://www.ajronline.org,https://www.ajronline.org,Rolling,Continuous,Continuous,rolling_journal,subscription_or_unknown,Fee not available,False,American Roentgen Ray Society,US,"0361-803X, 1546-3141","Radiation Dose and Imaging, Radiology practices and education, MRI in cancer diagnosis, Advanced X-ray and CT Imaging, Advanced MRI Techniques and Applications, Hepatocellular Carcinoma Treatment and Prognosis, Radiomics and Machine Learning in Medical Imaging, Medical Imaging and Pathology Studies",General Research,General Research,35916.0,1339439.0,289.0,1.9805555555555556,5.74,Q1,1,434422.33,229.58,Very High,95.0,95.0,OpenAlex live API,yes,OpenAlex live data with automatic fallback enrichment.,General Research journal published by American Roentgen Ray Society.,2026-05-26 19:40:01
254,Archives of Internal Medicine,N/A,2026,journal,OpenAlex Sources API,https://openalex.org/S4210206803,https://openalex.org/S4210206803,https://openalex.org/S4210206803,Rolling,Continuous,Continuous,rolling_journal,subscription_or_unknown,Fee not available,False,American Medical Association,US,"0003-9926, 1538-3679","Healthcare cost, quality, practices, Blood Pressure and Hypertension Studies, Primary Care and Health Outcomes, Venous Thromboembolism Diagnosis and Management, Healthcare Policy and Management, Atrial Fibrillation Management and Outcomes, Diet and metabolism studies, Cardiac electrophysiology and arrhythmias",General Research,General Research,45271.0,1676858.0,459.0,0.0,5.74,Q1,1,553484.5,229.53,Very High,95.0,95.0,OpenAlex live API,yes,OpenAlex live data with automatic fallback enrichment.,General Research journal published by American Medical Association.,2026-05-26 19:39:37
281,Journal of Thoracic and Cardiovascular Surgery,N/A,2026,journal,OpenAlex Sources API,https://openalex.org/S127437062,https://www.sciencedirect.com/journal/the-journal-of-thoracic-and-cardiovascular-surgery,https://www.sciencedirect.com/journal/the-journal-of-thoracic-and-cardiovascular-surgery,Rolling,Continuous,Continuous,rolling_journal,subscription_or_unknown,3890 USD; 3550 EUR; 3110 GBP; 437080 JPY,False,Elsevier BV,US,"0022-5223, 1085-8687, 1097-685X","Cardiac Valve Diseases and Treatments, Aortic Disease and Treatment Approaches, Congenital Heart Disease Studies, Cardiac and Coronary Surgery Techniques, Cardiac Structural Anomalies and Repair, Mechanical Circulatory Support Devices, Cardiac, Anesthesia and Surgical Outcomes, Tracheal and airway disorders",General Research,General Research,41687.0,1092181.0,292.0,1.3005181347150259,5.74,Q1,1,361088.03,229.47,Very High,95.0,95.0,OpenAlex live API,yes,OpenAlex live data with automatic fallback enrichment.,General Research journal published by Elsevier BV.,2026-05-26 19:39:44
258,Applied Optics,N/A,2026,journal,OpenAlex Sources API,https://openalex.org/S4210211917,https://openalex.org/S4210211917,https://openalex.org/S4210211917,Rolling,Continuous,Continuous,rolling_journal,subscription_or_unknown,Fee not available,False,Optica Publishing Group,US,"1539-4522, 1540-8981","Photonic and Optical Devices, Optical measurement and interference techniques, Semiconductor Lasers and Optical Devices, Photorefractive and Nonlinear Optics, Optical Coatings and Gratings, Advanced Fiber Laser Technologies, Spectroscopy and Laser Applications, Advanced Fiber Optic Sensors",General Research,General Research,44608.0,1282195.0,314.0,0.0,5.74,Q1,1,420519.3,229.46,Very High,95.0,95.0,OpenAlex live API,yes,OpenAlex live data with automatic fallback enrichment.,General Research journal published by Optica Publishing Group.,2026-05-26 19:39:38
347,Phytochemistry,N/A,2026,journal,OpenAlex Sources API,https://openalex.org/S88226677,http://www.journals.elsevier.com/phytochemistry/,http://www.journals.elsevier.com/phytochemistry/,Rolling,Continuous,Continuous,rolling_journal,subscription_or_unknown,4150 USD; 3790 EUR; 3320 GBP; 466290 JPY,False,Elsevier BV,GB,"0031-9422, 1873-3700","Natural product bioactivities and synthesis, Phytochemistry and Biological Activities, Plant biochemistry and biosynthesis, Sesquiterpenes and Asteraceae Studies, Traditional and Medicinal Uses of Annonaceae, Biological Activity of Diterpenoids and Biflavonoids, Phytochemical compounds biological activities, Phytochemical Studies and Bioactivities",General Research,General Research,36129.0,1206126.0,284.0,2.6653796653796653,5.74,Q1,1,393983.97,229.41,Very High,95.0,95.0,OpenAlex live API,yes,OpenAlex live data with automatic fallback enrichment.,General Research journal published by Elsevier BV.,2026-05-26 19:40:00
286,"Physical review. D. Particles, fields, gravitation, and cosmology/Physical review. D. Particles and fields",N/A,2026,journal,OpenAlex Sources API,https://openalex.org/S4210190737,http://journals.aps.org,http://journals.aps.org,Rolling,Continuous,Continuous,rolling_journal,subscription_or_unknown,Fee not available,False,American Physical Society,US,"0556-2821, 1089-4918, 1538-4500","Particle physics theoretical and experimental studies, Quantum Chromodynamics and Particle Interactions, Black Holes and Theoretical Physics, Cosmology and Gravitation Theories, High-Energy Particle Collisions Research, Dark Matter and Cosmic Phenomena, Neutrino Physics Research, Noncommutative and Quantum Gravity Theories",General Research,General Research,41343.0,2077879.0,490.0,0.0,5.73,Q1,1,676498.0,229.13,Very High,95.0,95.0,OpenAlex live API,yes,OpenAlex live data with automatic fallback enrichment.,General Research journal published by American Physical Society.,2026-05-26 19:39:46
223,Environmental Science and Pollution Research,N/A,2026,journal,OpenAlex Sources API,https://openalex.org/S87561820,https://www.springer.com/journal/11356,https://www.springer.com/journal/11356,Rolling,Continuous,Continuous,rolling_journal,subscription_or_unknown,2890 EUR; 3690 USD; 2490 GBP,False,Springer Science+Business Media,DE,"0944-1344, 1614-7499","Energy, Environment, Economic Growth, Heavy metals in environment, Air Quality and Health Impacts, Pharmaceutical and Antibiotic Environmental Impacts, Toxic Organic Pollutants Impact, Adsorption and biosorption for pollutant removal, Environmental Toxicology and Ecotoxicology, Energy, Environment, and Transportation Policies",General Research,General Research,48658.0,1335772.0,262.0,5.296544948419846,5.72,Q1,1,432062.23,228.66,Very High,95.0,95.0,OpenAlex live API,yes,OpenAlex live data with automatic fallback enrichment.,General Research journal published by Springer Science+Business Media.,2026-05-26 19:39:31
364,"Physical review. D. Particles, fields, gravitation, and cosmology/Physical review. D, Particles, fields, gravitation, and cosmology",N/A,2026,journal,OpenAlex Sources API,https://openalex.org/S4210210554,http://journals.aps.org,http://journals.aps.org,Rolling,Continuous,Continuous,rolling_journal,subscription_or_unknown,Fee not available,False,American Physical Society,US,"1550-2368, 1550-7998","Particle physics theoretical and experimental studies, Cosmology and Gravitation Theories, Black Holes and Theoretical Physics, Quantum Chromodynamics and Particle Interactions, High-Energy Particle Collisions Research, Dark Matter and Cosmic Phenomena, Noncommutative and Quantum Gravity Theories, Pulsars and Gravitational Waves Research",General Research,General Research,35178.0,1820556.0,360.0,0.0,5.71,Q1,1,585684.6,228.52,Very High,95.0,95.0,OpenAlex live API,yes,OpenAlex live data with automatic fallback enrichment.,General Research journal published by American Physical Society.,2026-05-26 19:40:07
210,Medicine,N/A,2026,journal,OpenAlex Sources API,https://openalex.org/S28966261,http://journals.lww.com/md-journal,http://journals.lww.com/md-journal,Rolling,Continuous,Continuous,rolling_journal,paid_oa,1950 USD,True,Wolters Kluwer,US,"0025-7974, 1536-5964","Liver Disease Diagnosis and Treatment, Acupuncture Treatment Research Studies, Spine and Intervertebral Disc Pathology, Gastric Cancer Management and Outcomes, Anesthesia and Pain Management, Inflammatory Biomarkers in Disease Prognosis, Ferroptosis and cancer prognosis, Hepatocellular Carcinoma Treatment and Prognosis",General Research,General Research,50162.0,842142.0,285.0,1.677489358150405,5.71,Q1,1,286242.67,228.3,Very High,95.0,95.0,OpenAlex live API,yes,OpenAlex live data with automatic fallback enrichment.,General Research journal published by Wolters Kluwer.,2026-05-26 19:39:28
290,Journal of Physics Condensed Matter,N/A,2026,journal,OpenAlex Sources API,https://openalex.org/S190924190,http://iopscience.org/jpcm,http://iopscience.org/jpcm,Rolling,Continuous,Continuous,rolling_journal,subscription_or_unknown,Fee not available,False,IOP Publishing,GB,"0953-8984, 1361-648X","Physics of Superconductivity and Magnetism, Quantum and electron transport phenomena, Advanced Condensed Matter Physics, Magnetic and transport properties of perovskites and related materials, Rare-earth and actinide compounds, Magnetic properties of thin films, Theoretical and Computational Physics, Material Dynamics and Properties",General Research,General Research,40869.0,1022504.0,283.0,2.171078114912847,5.7,Q1,1,339246.65,227.95,Very High,95.0,95.0,OpenAlex live API,yes,OpenAlex live data with automatic fallback enrichment.,General Research journal published by IOP Publishing.,2026-05-26 19:39:47
225,The Annals of Thoracic Surgery,N/A,2026,journal,OpenAlex Sources API,https://openalex.org/S144860794,http://www.elsevier.com/wps/find/journaldescription.cws_home/505747/description#description,http://www.elsevier.com/wps/find/journaldescription.cws_home/505747/description#description,Rolling,Continuous,Continuous,rolling_journal,subscription_or_unknown,3200 USD; 2920 EUR; 2560 GBP; 359550 JPY,False,Elsevier BV,US,"0003-4975, 1552-6259","Cardiac Valve Diseases and Treatments, Aortic Disease and Treatment Approaches, Cardiac and Coronary Surgery Techniques, Congenital Heart Disease Studies, Cardiac Structural Anomalies and Repair, Mechanical Circulatory Support Devices, Lung Cancer Diagnosis and Treatment, Tracheal and airway disorders",General Research,General Research,48282.0,1278755.0,279.0,2.5017743080198724,5.7,Q1,1,416479.79,227.88,Very High,95.0,95.0,OpenAlex live API,yes,OpenAlex live data with automatic fallback enrichment.,General Research journal published by Elsevier BV.,2026-05-26 19:39:32
250,Organic Letters,N/A,2026,journal,OpenAlex Sources API,https://openalex.org/S201989124,http://pubs.acs.org/journals/orlef7/index.html,http://pubs.acs.org/journals/orlef7/index.html,Rolling,Continuous,Continuous,rolling_journal,subscription_or_unknown,Fee not available,False,American Chemical Society,US,"1523-7052, 1523-7060","Catalytic C–H Functionalization Methods, Asymmetric Synthesis and Catalysis, Synthetic Organic Chemistry Methods, Chemical Synthesis and Analysis, Synthesis and Catalytic Reactions, Catalytic Cross-Coupling Reactions, Cyclopropane Reaction Mechanisms, Sulfur-Based Synthesis Techniques",General Research,General Research,45422.0,1916887.0,268.0,4.096779719081877,5.69,Q1,1,606613.14,227.43,Very High,95.0,95.0,OpenAlex live API,yes,OpenAlex live data with automatic fallback enrichment.,General Research journal published by American Chemical Society.,2026-05-26 19:39:37
208,American Mathematical Monthly,N/A,2026,journal,OpenAlex Sources API,https://openalex.org/S156280010,http://www.maa.org/pubs/monthly.html,http://www.maa.org/pubs/monthly.html,Rolling,Continuous,Continuous,rolling_journal,subscription_or_unknown,Fee not available,False,Taylor & Francis,US,"0002-9890, 1930-0972","History and Theory of Mathematics, Mathematics and Applications, Diverse Scientific and Economic Studies, Human auditory perception and evaluation, Educational Robotics and Engineering, Heat Transfer and Numerical Methods, Mathematical functions and polynomials, Mathematical and Theoretical Analysis",General Research,General Research,50323.0,544543.0,292.0,0.271523178807947,5.68,Q1,1,197608.78,227.25,Very High,95.0,95.0,OpenAlex live API,yes,OpenAlex live data with automatic fallback enrichment.,General Research journal published by Taylor & Francis.,2026-05-26 19:39:28
60,Investigative Ophthalmology & Visual Science,N/A,2026,journal,OpenAlex Sources API,https://openalex.org/S76304953,http://www.iovs.org/,http://www.iovs.org/,Rolling,Continuous,Continuous,rolling_journal,paid_oa,1850 USD,True,Cadmus Press,US,"0146-0404, 1552-5783","Glaucoma and retinal disorders, Retinal Diseases and Treatments, Retinal Development and Disorders, Retinal Imaging and Analysis, Retinal and Optic Conditions, Corneal surgery and disorders, Corneal Surgery and Treatments, Ocular Surface and Contact Lens",General Research,General Research,107458.0,885596.0,260.0,3.1600467289719627,5.68,Q1,1,302582.6,227.23,Very High,95.0,95.0,OpenAlex live API,yes,OpenAlex live data with automatic fallback enrichment.,General Research journal published by Cadmus Press.,2026-05-26 19:38:44
277,Remote Sensing,N/A,2026,journal,OpenAlex Sources API,https://openalex.org/S43295729,http://www.mdpi.com/journal/remotesensing,http://www.mdpi.com/journal/remotesensing,Rolling,Continuous,Continuous,rolling_journal,paid_oa,2500 CHF,True,Multidisciplinary Digital Publishing Institute,CH,2072-4292,"Remote Sensing in Agriculture, Remote Sensing and LiDAR Applications, Remote-Sensing Image Classification, Land Use and Ecosystem Services, Synthetic Aperture Radar (SAR) Applications and Techniques, Cryospheric studies and observations, Remote Sensing and Land Use, 3D Surveying and Cultural Heritage",General Research,General Research,41887.0,1083245.0,267.0,4.184093972655498,5.67,Q1,1,356071.4,226.89,Very High,95.0,95.0,OpenAlex live API,yes,OpenAlex live data with automatic fallback enrichment.,General Research journal published by Multidisciplinary Digital Publishing Institute.,2026-05-26 19:39:44
267,The Journal of Nervous and Mental Disease,N/A,2026,journal,OpenAlex Sources API,https://openalex.org/S13566964,http://www.jonmd.com/,http://www.jonmd.com/,Rolling,Continuous,Continuous,rolling_journal,subscription_or_unknown,Fee not available,False,Lippincott Williams & Wilkins,US,"0022-3018, 1539-736X","Mental Health and Psychiatry, Neurology and Historical Studies, Psychotherapy Techniques and Applications, Schizophrenia research and treatment, Psychosomatic Disorders and Their Treatments, Child and Adolescent Psychosocial and Emotional Development, Epilepsy research and treatment, Mental Health Treatment and Access",General Research,General Research,42854.0,684405.0,277.0,2.1037037037037036,5.63,Q1,1,237412.09,225.25,Very High,95.0,95.0,OpenAlex live API,yes,OpenAlex live data with automatic fallback enrichment.,General Research journal published by Lippincott Williams & Wilkins.,2026-05-26 19:39:41
183,Physics Letters A,N/A,2026,journal,OpenAlex Sources API,https://openalex.org/S104875562,http://www.elsevier.com/wps/find/journaldescription.cws_home/505705/description,http://www.elsevier.com/wps/find/journaldescription.cws_home/505705/description,Rolling,Continuous,Continuous,rolling_journal,subscription_or_unknown,2680 USD; 2440 EUR; 2150 GBP; 301120 JPY,False,Elsevier BV,Unknown,"0375-9601, 1873-2429","Cold Atom Physics and Bose-Einstein Condensates, Quantum Information and Cryptography, Theoretical and Computational Physics, Quantum chaos and dynamical systems, Physics of Superconductivity and Magnetism, Quantum and electron transport phenomena, Nonlinear Waves and Solitons, Quantum Mechanics and Applications",General Research,General Research,53434.0,990199.0,270.0,2.6242774566473988,5.62,Q1,1,329534.31,224.72,Very High,95.0,95.0,OpenAlex live API,yes,OpenAlex live data with automatic fallback enrichment.,General Research journal published by Elsevier BV.,2026-05-26 19:39:17
352,Journal of Physics D Applied Physics,N/A,2026,journal,OpenAlex Sources API,https://openalex.org/S111927887,http://iopscience.org/jphysd,http://iopscience.org/jphysd,Rolling,Continuous,Continuous,rolling_journal,subscription_or_unknown,Fee not available,False,Institute of Physics,GB,"0022-3727, 1361-6463","Plasma Diagnostics and Applications, Plasma Applications and Diagnostics, Semiconductor materials and devices, Magnetic properties of thin films, Metal and Thin Film Mechanics, ZnO doping and properties, Electrohydrodynamics and Fluid Dynamics, Laser-induced spectroscopy and plasma",General Research,General Research,35890.0,956890.0,274.0,2.5715424471901156,5.62,Q1,1,318184.58,224.6,Very High,95.0,95.0,OpenAlex live API,yes,OpenAlex live data with automatic fallback enrichment.,General Research journal published by Institute of Physics.,2026-05-26 19:40:01
150,Transplantation,N/A,2026,journal,OpenAlex Sources API,https://openalex.org/S11564597,https://journals.lww.com/transplantjournal/pages/default.aspx,https://journals.lww.com/transplantjournal/pages/default.aspx,Rolling,Continuous,Continuous,rolling_journal,subscription_or_unknown,Fee not available,False,Wolters Kluwer,US,"0041-1337, 1534-6080","Renal Transplantation Outcomes and Treatments, Organ Transplantation Techniques and Outcomes, Organ Donation and Transplantation, Transplantation: Methods and Outcomes, Liver Disease and Transplantation, T-cell and B-cell Immunology, Organ and Tissue Transplantation Research, Xenotransplantation and immune response",General Research,General Research,58336.0,1077679.0,278.0,1.0640176600441502,5.6,Q1,1,356990.5,224.13,Very High,95.0,95.0,OpenAlex live API,yes,OpenAlex live data with automatic fallback enrichment.,General Research journal published by Wolters Kluwer.,2026-05-26 19:39:08
253,Medical Physics,N/A,2026,journal,OpenAlex Sources API,https://openalex.org/S95522064,https://aapm.onlinelibrary.wiley.com/journal/24734209,https://aapm.onlinelibrary.wiley.com/journal/24734209,Rolling,Continuous,Continuous,rolling_journal,subscription_or_unknown,3040 USD; 2010 GBP; 2520 EUR,False,Wiley,US,"0094-2405, 1522-8541, 2473-4209","Advanced Radiotherapy Techniques, Medical Imaging Techniques and Applications, Radiation Therapy and Dosimetry, Radiation Dose and Imaging, Advanced X-ray and CT Imaging, Radiomics and Machine Learning in Medical Imaging, Digital Radiography and Breast Imaging, Advances in Oncology and Radiotherapy",General Research,General Research,45333.0,702871.0,268.0,2.3321637426900583,5.55,Q1,1,242311.21,222.13,Very High,95.0,95.0,OpenAlex live API,yes,OpenAlex live data with automatic fallback enrichment.,General Research journal published by Wiley.,2026-05-26 19:39:37
25,Scientific American,N/A,2026,journal,OpenAlex Sources API,https://openalex.org/S100460328,https://www.scientificamerican.com,https://www.scientificamerican.com,Rolling,Continuous,Continuous,rolling_journal,subscription_or_unknown,Fee not available,False,Springer Nature,US,"0036-8733, 1946-7087","Diverse Scientific and Economic Studies, Human auditory perception and evaluation, Legal Cases and Commentary, Earthquake and Disaster Impact Studies, Legal case studies and regulations, History and Developments in Astronomy, Educational Robotics and Engineering, Educational Leadership and Practices",General Research,General Research,193121.0,462496.0,258.0,0.18038528896672504,5.54,Q1,1,183869.92,221.64,Very High,95.0,95.0,OpenAlex live API,yes,OpenAlex live data with automatic fallback enrichment.,General Research journal published by Springer Nature.,2026-05-26 19:38:36
308,Surface Science,N/A,2026,journal,OpenAlex Sources API,https://openalex.org/S137865625,https://www.journals.elsevier.com/surface-science,https://www.journals.elsevier.com/surface-science,Rolling,Continuous,Continuous,rolling_journal,subscription_or_unknown,3120 USD; 2850 EUR; 2500 GBP; 350560 JPY,False,Elsevier BV,NL,"0039-6028, 1879-2758","Advanced Chemical Physics Studies, Surface and Thin Film Phenomena, Electron and X-Ray Spectroscopy Techniques, Catalytic Processes in Materials Science, nanoparticles nucleation surface interactions, Semiconductor materials and devices, Molecular Junctions and Nanostructures, Ion-surface interactions and analysis",General Research,General Research,39548.0,1140986.0,268.0,2.0934065934065935,5.52,Q1,1,373155.27,220.84,Very High,95.0,95.0,OpenAlex live API,yes,OpenAlex live data with automatic fallback enrichment.,General Research journal published by Elsevier BV.,2026-05-26 19:39:50
306,Journal of Vascular Surgery,N/A,2026,journal,OpenAlex Sources API,https://openalex.org/S104135014,https://www.journals.elsevier.com/journal-of-vascular-surgery,https://www.journals.elsevier.com/journal-of-vascular-surgery,Rolling,Continuous,Continuous,rolling_journal,subscription_or_unknown,4010 USD; 3660 EUR; 3210 GBP; 450560 JPY,False,Elsevier BV,US,"0741-5214, 1085-875X, 1097-6809","Aortic aneurysm repair treatments, Peripheral Artery Disease Management, Aortic Disease and Treatment Approaches, Vascular Procedures and Complications, Cardiac, Anesthesia and Surgical Outcomes, Cerebrovascular and Carotid Artery Diseases, Infectious Aortic and Vascular Conditions, Venous Thromboembolism Diagnosis and Management",General Research,General Research,39671.0,893464.0,274.0,0.918967587034814,5.5,Q1,1,299452.25,220.02,Very High,95.0,95.0,OpenAlex live API,yes,OpenAlex live data with automatic fallback enrichment.,General Research journal published by Elsevier BV.,2026-05-26 19:39:50
295,Neuroscience Letters,N/A,2026,journal,OpenAlex Sources API,https://openalex.org/S203050076,http://www.elsevier.com/wps/find/journaldescription.cws_home/506081/description#description,http://www.elsevier.com/wps/find/journaldescription.cws_home/506081/description#description,Rolling,Continuous,Continuous,rolling_journal,subscription_or_unknown,2940 USD; 2680 EUR; 2350 GBP; 330340 JPY,False,Elsevier BV,IE,"0304-3940, 1872-7972","Neuroscience and Neuropharmacology Research, Neuropeptides and Animal Physiology, Receptor Mechanisms and Signaling, Pain Mechanisms and Treatments, Ion channel regulation and function, Neurotransmitter Receptor Influence on Behavior, Alzheimer's disease research and treatments, Neuroinflammation and Neurodegeneration Mechanisms",General Research,General Research,40543.0,1282837.0,267.0,1.7839506172839505,5.49,Q1,1,415694.6,219.56,Very High,95.0,95.0,OpenAlex live API,yes,OpenAlex live data with automatic fallback enrichment.,General Research journal published by Elsevier BV.,2026-05-26 19:39:47
141,Gastrointestinal Endoscopy,N/A,2026,journal,OpenAlex Sources API,https://openalex.org/S28527816,https://www.journals.elsevier.com/gastrointestinal-endoscopy,https://www.journals.elsevier.com/gastrointestinal-endoscopy,Rolling,Continuous,Continuous,rolling_journal,subscription_or_unknown,3450 USD; 3150 EUR; 2760 GBP; 387640 JPY,False,Elsevier BV,US,"0016-5107, 1085-8741, 1097-6779","Gastric Cancer Management and Outcomes, Esophageal and GI Pathology, Gallbladder and Bile Duct Disorders, Colorectal Cancer Screening and Detection, Pancreatic and Hepatic Oncology Research, Gastrointestinal disorders and treatments, Esophageal Cancer Research and Treatment, Gastrointestinal Bleeding Diagnosis and Treatment",General Research,General Research,60200.0,700846.0,272.0,0.312254409211368,5.48,Q1,1,243489.41,219.36,Very High,95.0,95.0,OpenAlex live API,yes,OpenAlex live data with automatic fallback enrichment.,General Research journal published by Elsevier BV.,2026-05-26 19:39:05
226,Journal of Animal Science,N/A,2026,journal,OpenAlex Sources API,https://openalex.org/S72684844,https://academic.oup.com/jas,https://academic.oup.com/jas,Rolling,Continuous,Continuous,rolling_journal,subscription_or_unknown,4000 USD,False,Oxford University Press,US,"0021-8812, 1525-3015, 1525-3163, 1544-7847","Animal Nutrition and Physiology, Genetic and phenotypic traits in livestock, Ruminant Nutrition and Digestive Physiology, Animal Behavior and Welfare Studies, Reproductive Physiology in Livestock, Meat and Animal Product Quality, Effects of Environmental Stressors on Livestock, Genetic Mapping and Diversity in Plants and Animals",General Research,General Research,48201.0,1073594.0,268.0,0.7045505999547204,5.44,Q1,1,353733.53,217.53,Very High,95.0,95.0,OpenAlex live API,yes,OpenAlex live data with automatic fallback enrichment.,General Research journal published by Oxford University Press.,2026-05-26 19:39:32
343,Physical Review C,N/A,2026,journal,OpenAlex Sources API,https://openalex.org/S4210168441,http://journals.aps.org,http://journals.aps.org,Rolling,Continuous,Continuous,rolling_journal,subscription_or_unknown,Fee not available,False,American Institute of Physics,US,"0556-2813, 1089-490X, 1538-4497","Nuclear physics research studies, Quantum Chromodynamics and Particle Interactions, Atomic and Molecular Physics, Particle physics theoretical and experimental studies, High-Energy Particle Collisions Research, Nuclear Physics and Applications, Astronomical and nuclear sciences, Advanced Chemical Physics Studies",General Research,General Research,36673.0,1110885.0,274.0,0.0,5.42,Q1,1,364332.8,216.97,Very High,95.0,95.0,OpenAlex live API,yes,OpenAlex live data with automatic fallback enrichment.,General Research journal published by American Institute of Physics.,2026-05-26 19:39:59
280,British Journal of Dermatology,N/A,2026,journal,OpenAlex Sources API,https://openalex.org/S45720283,https://academic.oup.com/bjd,https://academic.oup.com/bjd,Rolling,Continuous,Continuous,rolling_journal,subscription_or_unknown,3416 GBP,False,Oxford University Press,GB,"0007-0963, 1365-2133","Autoimmune Bullous Skin Diseases, Dermatology and Skin Diseases, Medicine and Dermatology Studies History, Psoriasis: Treatment and Pathogenesis, Cutaneous Melanoma Detection and Management, Cutaneous lymphoproliferative disorders research, Nail Diseases and Treatments, Skin and Cellular Biology Research",General Research,General Research,41804.0,1005660.0,261.0,1.39391771019678,5.4,Q1,1,332048.1,215.81,Very High,95.0,95.0,OpenAlex live API,yes,OpenAlex live data with automatic fallback enrichment.,General Research journal published by Oxford University Press.,2026-05-26 19:39:44
1,Bulletin of Miscellaneous Information (Royal Gardens Kew),N/A,2026,journal,OpenAlex Sources API,https://openalex.org/S4210203682,http://www.archive.org/details/mobot31753002257050,http://www.archive.org/details/mobot31753002257050,Rolling,Continuous,Continuous,rolling_journal,subscription_or_unknown,Fee not available,False,Unknown Publisher,GB,0366-4457,"Magnetic confinement fusion research, Particle accelerators and beam dynamics, Fusion materials and technologies, Superconducting Materials and Applications, Diverse Scientific and Economic Studies, Prenatal Screening and Diagnostics, Plasma Diagnostics and Applications, Magnetic Field Sensors Techniques",General Research,General Research,7181764.0,549126.0,246.0,0.028706977970085,5.39,Q1,1,907515.64,215.79,Very High,95.0,95.0,OpenAlex live API,yes,OpenAlex live data with automatic fallback enrichment.,General Research journal published by Unknown Publisher.,2026-05-26 19:38:30
234,Thin Solid Films,N/A,2026,journal,OpenAlex Sources API,https://openalex.org/S84339699,http://www.journals.elsevier.com/thin-solid-films/,http://www.journals.elsevier.com/thin-solid-films/,Rolling,Continuous,Continuous,rolling_journal,subscription_or_unknown,2890 USD; 2640 EUR; 2310 GBP; 324720 JPY,False,Elsevier BV,NL,"0040-6090, 1879-2731","Semiconductor materials and devices, Metal and Thin Film Mechanics, ZnO doping and properties, Thin-Film Transistor Technologies, Diamond and Carbon-based Materials Research, Chalcogenide Semiconductor Thin Films, Semiconductor materials and interfaces, Copper Interconnects and Reliability",General Research,General Research,47329.0,1100707.0,253.0,2.373228346456693,5.39,Q1,1,360363.66,215.7,Very High,95.0,95.0,OpenAlex live API,yes,OpenAlex live data with automatic fallback enrichment.,General Research journal published by Elsevier BV.,2026-05-26 19:39:33
318,Nuclear Physics A,N/A,2026,journal,OpenAlex Sources API,https://openalex.org/S62159105,https://www.sciencedirect.com/journal/nuclear-physics-a,https://www.sciencedirect.com/journal/nuclear-physics-a,Rolling,Continuous,Continuous,rolling_journal,subscription_or_unknown,2210 USD; 2020 EUR; 1770 GBP; 248320 JPY,False,Elsevier BV,NL,"0375-9474, 1873-1554","Nuclear physics research studies, Quantum Chromodynamics and Particle Interactions, High-Energy Particle Collisions Research, Particle physics theoretical and experimental studies, Nuclear Physics and Applications, Atomic and Molecular Physics, Advanced Chemical Physics Studies, Quantum, superfluid, helium dynamics",General Research,General Research,38775.0,880355.0,264.0,0.9832535885167464,5.39,Q1,1,294433.16,215.63,Very High,95.0,95.0,OpenAlex live API,yes,OpenAlex live data with automatic fallback enrichment.,General Research journal published by Elsevier BV.,2026-05-26 19:39:53
361,Archives of Disease in Childhood,N/A,2026,journal,OpenAlex Sources API,https://openalex.org/S207294652,http://adc.bmj.com/,http://adc.bmj.com/,Rolling,Continuous,Continuous,rolling_journal,subscription_or_unknown,Fee not available,False,BMJ,GB,"0003-9888, 1468-2044","Neonatal Respiratory Health Research, Child and Adolescent Health, Metabolism and Genetic Disorders, Pharmaceutical studies and practices, Congenital Diaphragmatic Hernia Studies, Infant Development and Preterm Care, Childhood Cancer Survivors' Quality of Life, Neonatal and fetal brain pathology",General Research,General Research,35290.0,786958.0,259.0,1.7882822902796272,5.39,Q1,1,265605.81,215.44,Very High,95.0,95.0,OpenAlex live API,yes,OpenAlex live data with automatic fallback enrichment.,General Research journal published by BMJ.,2026-05-26 19:40:03
160,Materials,N/A,2026,journal,OpenAlex Sources API,https://openalex.org/S18714766,http://www.mdpi.com/journal/materials,http://www.mdpi.com/journal/materials,Rolling,Continuous,Continuous,rolling_journal,paid_oa,2300 CHF,True,Multidisciplinary Digital Publishing Institute,CH,1996-1944,"Concrete and Cement Materials Research, Innovative concrete reinforcement materials, Additive Manufacturing and 3D Printing Technologies, Aluminum Alloys Composites Properties, Bone Tissue Engineering Materials, Additive Manufacturing Materials and Processes, Advanced materials and composites, Dental materials and restorations",General Research,General Research,56517.0,1019852.0,241.0,3.7761108729818544,5.39,Q1,1,335896.11,215.43,Very High,95.0,95.0,OpenAlex live API,yes,OpenAlex live data with automatic fallback enrichment.,General Research journal published by Multidisciplinary Digital Publishing Institute.,2026-05-26 19:39:10
349,International Affairs,N/A,2026,journal,OpenAlex Sources API,https://openalex.org/S79519963,http://www.internationalaffairsjournal.com/,http://www.internationalaffairsjournal.com/,Rolling,Continuous,Continuous,rolling_journal,subscription_or_unknown,3428 GBP,False,Oxford University Press,GB,"0020-5850, 1468-2346","Historical and Contemporary Political Dynamics, International Relations and Foreign Policy, Global Peace and Security Dynamics, European history and politics, Historical Geopolitical and Social Dynamics, International Development and Aid, International Law and Human Rights, Vietnamese History and Culture Studies",General Research,General Research,36007.0,450773.0,242.0,3.8904109589041096,5.35,Q1,1,163227.12,214.17,Very High,95.0,95.0,OpenAlex live API,yes,OpenAlex live data with automatic fallback enrichment.,General Research journal published by Oxford University Press.,2026-05-26 19:40:00
374,Physics of Fluids,N/A,2026,journal,OpenAlex Sources API,https://openalex.org/S22862804,http://pof.aip.org/,http://pof.aip.org/,Rolling,Continuous,Continuous,rolling_journal,subscription_or_unknown,Fee not available,False,American Institute of Physics,US,"1070-6631, 1089-7666, 1527-2435","Fluid Dynamics and Turbulent Flows, Fluid Dynamics and Vibration Analysis, Fluid Dynamics and Heat Transfer, Wind and Air Flow Studies, Lattice Boltzmann Simulation Studies, Computational Fluid Dynamics and Aerodynamics, Particle Dynamics in Fluid Flows, Aerodynamics and Acoustics in Jet Flows",General Research,General Research,34587.0,778020.0,243.0,3.5431805588537957,5.34,Q1,1,261341.86,213.44,Very High,95.0,95.0,OpenAlex live API,yes,OpenAlex live data with automatic fallback enrichment.,General Research journal published by American Institute of Physics.,2026-05-26 19:40:09
154,Review of Scientific Instruments,N/A,2026,journal,OpenAlex Sources API,https://openalex.org/S31010182,http://rsi.aip.org/,http://rsi.aip.org/,Rolling,Continuous,Continuous,rolling_journal,subscription_or_unknown,Fee not available,False,American Institute of Physics,US,"0034-6748, 1089-7623, 1527-2400","Magnetic confinement fusion research, Particle accelerators and beam dynamics, Plasma Diagnostics and Applications, Nuclear Physics and Applications, Laser-Plasma Interactions and Diagnostics, Atomic and Subatomic Physics Research, Force Microscopy Techniques and Applications, Advanced X-ray Imaging Techniques",General Research,General Research,57431.0,998861.0,250.0,1.5902578796561604,5.33,Q1,1,330480.91,213.01,Very High,95.0,95.0,OpenAlex live API,yes,OpenAlex live data with automatic fallback enrichment.,General Research journal published by American Institute of Physics.,2026-05-26 19:39:09
304,The American Journal of Surgery,N/A,2026,journal,OpenAlex Sources API,https://openalex.org/S101510409,https://www.journals.elsevier.com/the-american-journal-of-surgery,https://www.journals.elsevier.com/the-american-journal-of-surgery,Rolling,Continuous,Continuous,rolling_journal,subscription_or_unknown,3540 USD; 3230 EUR; 2830 GBP; 397750 JPY,False,Elsevier BV,US,"0002-9610, 1879-1883","Gallbladder and Bile Duct Disorders, Cardiac, Anesthesia and Surgical Outcomes, Gastrointestinal disorders and treatments, Appendicitis Diagnosis and Management, Hernia repair and management, Surgical Simulation and Training, Colorectal Cancer Surgical Treatments, Diverse Scientific and Economic Studies",General Research,General Research,40001.0,887237.0,253.0,1.6373983739837399,5.32,Q1,1,295553.07,212.76,Very High,95.0,95.0,OpenAlex live API,yes,OpenAlex live data with automatic fallback enrichment.,General Research journal published by Elsevier BV.,2026-05-26 19:39:49
118,Journal of Applied Polymer Science,N/A,2026,journal,OpenAlex Sources API,https://openalex.org/S200764475,http://onlinelibrary.wiley.com/journal/10.1002/%28ISSN%291097-4628,http://onlinelibrary.wiley.com/journal/10.1002/%28ISSN%291097-4628,Rolling,Continuous,Continuous,rolling_journal,subscription_or_unknown,4430 USD; 2940 GBP; 3660 EUR,False,Wiley,US,"0021-8995, 1097-4628","Polymer Nanocomposites and Properties, Polymer crystallization and properties, biodegradable polymer synthesis and properties, Synthesis and properties of polymers, Advanced Polymer Synthesis and Characterization, Polymer composites and self-healing, Epoxy Resin Curing Processes, Conducting polymers and applications",General Research,General Research,68560.0,1477073.0,241.0,2.405133125449748,5.31,Q1,1,474198.16,212.52,Very High,95.0,95.0,OpenAlex live API,yes,OpenAlex live data with automatic fallback enrichment.,General Research journal published by Wiley.,2026-05-26 19:38:59
266,Physical review. D/Physical review. D.,N/A,2026,journal,OpenAlex Sources API,https://openalex.org/S4210238307,http://journals.aps.org,http://journals.aps.org,Rolling,Continuous,Continuous,rolling_journal,subscription_or_unknown,Fee not available,False,American Physical Society,US,"2470-0010, 2470-0029, 2470-0037","Cosmology and Gravitation Theories, Particle physics theoretical and experimental studies, Black Holes and Theoretical Physics, Quantum Chromodynamics and Particle Interactions, Pulsars and Gravitational Waves Research, High-Energy Particle Collisions Research, Dark Matter and Cosmic Phenomena, Noncommutative and Quantum Gravity Theories",General Research,General Research,43150.0,970430.0,226.0,5.08660591887751,5.28,Q1,1,318298.33,211.27,Very High,95.0,95.0,OpenAlex live API,yes,OpenAlex live data with automatic fallback enrichment.,General Research journal published by American Physical Society.,2026-05-26 19:39:41
7,"Proceedings of SPIE, the International Society for Optical Engineering/Proceedings of SPIE",N/A,2026,journal,OpenAlex Sources API,https://openalex.org/S183492911,http://spie.org//x1848.xml?WT.svl=mddp2,http://spie.org//x1848.xml?WT.svl=mddp2,Rolling,Continuous,Continuous,rolling_journal,subscription_or_unknown,Fee not available,False,SPIE,Unknown,"0277-786X, 1996-756X","Photonic and Optical Devices, Semiconductor Lasers and Optical Devices, Advanced Fiber Optic Sensors, Adaptive optics and wavefront sensing, Advancements in Photolithography Techniques, Infrared Target Detection Methodologies, Laser Design and Applications, Optical measurement and interference techniques",General Research,General Research,436479.0,1872878.0,235.0,0.0,5.27,Q1,1,629011.3,210.75,Very High,95.0,95.0,OpenAlex live API,yes,OpenAlex live data with automatic fallback enrichment.,General Research journal published by SPIE.,2026-05-26 19:38:32
384,Colloids and Surfaces A Physicochemical and Engineering Aspects,N/A,2026,journal,OpenAlex Sources API,https://openalex.org/S94313546,http://www.journals.elsevier.com/colloids-and-surfaces-a-physicochemical-and-engineering-aspects/,http://www.journals.elsevier.com/colloids-and-surfaces-a-physicochemical-and-engineering-aspects/,Rolling,Continuous,Continuous,rolling_journal,subscription_or_unknown,3110 USD; 2840 EUR; 2490 GBP; 349440 JPY,False,Elsevier BV,NL,"0927-7757, 1873-4359","Surfactants and Colloidal Systems, Surface Modification and Superhydrophobicity, Pickering emulsions and particle stabilization, Advanced Photocatalysis Techniques, Electrostatics and Colloid Interactions, Adsorption and biosorption for pollutant removal, Enhanced Oil Recovery Techniques, Polymer Surface Interaction Studies",General Research,General Research,33990.0,855698.0,227.0,4.95166247555183,5.26,Q1,1,283055.98,210.4,Very High,95.0,95.0,OpenAlex live API,yes,OpenAlex live data with automatic fallback enrichment.,General Research journal published by Elsevier BV.,2026-05-26 19:40:11
204,AAPG Bulletin,N/A,2026,journal,OpenAlex Sources API,https://openalex.org/S144020083,http://www.aapg.org/bulletin/,http://www.aapg.org/bulletin/,Rolling,Continuous,Continuous,rolling_journal,subscription_or_unknown,Fee not available,False,American Association of Petroleum Geologists,US,"0149-1423, 1522-1423, 1558-9153","Hydrocarbon exploration and reservoir analysis, Geological formations and processes, Geological Studies and Exploration, Hydraulic Fracturing and Reservoir Analysis, Reservoir Engineering and Simulation Methods, Geology and Paleoclimatology Research, Geological and Geophysical Studies, Paleontology and Stratigraphy of Fossils",General Research,General Research,51098.0,403366.0,238.0,2.712574850299401,5.26,Q1,1,150055.23,210.35,Very High,95.0,95.0,OpenAlex live API,yes,OpenAlex live data with automatic fallback enrichment.,General Research journal published by American Association of Petroleum Geologists.,2026-05-26 19:39:27
81,Japanese Journal of Applied Physics,N/A,2026,journal,OpenAlex Sources API,https://openalex.org/S143744711,https://iopscience.iop.org/journal/1347-4065,https://iopscience.iop.org/journal/1347-4065,Rolling,Continuous,Continuous,rolling_journal,subscription_or_unknown,Fee not available,False,Institute of Physics,GB,"0021-4922, 1347-4065","Semiconductor materials and devices, Semiconductor Quantum Structures and Devices, Thin-Film Transistor Technologies, Photonic and Optical Devices, Semiconductor materials and interfaces, GaN-based semiconductor devices and materials, Advancements in Semiconductor Devices and Circuit Design, Ferroelectric and Piezoelectric Materials",General Research,General Research,88594.0,1155679.0,238.0,1.281710213776722,5.25,Q1,1,379427.19,209.8,Very High,95.0,95.0,OpenAlex live API,yes,OpenAlex live data with automatic fallback enrichment.,General Research journal published by Institute of Physics.,2026-05-26 19:38:49
339,Talanta,N/A,2026,journal,OpenAlex Sources API,https://openalex.org/S124795565,http://www.elsevier.com/locate/inca/525438,http://www.elsevier.com/locate/inca/525438,Rolling,Continuous,Continuous,rolling_journal,subscription_or_unknown,4130 USD; 3770 EUR; 3310 GBP; 464050 JPY,False,Elsevier BV,GB,"0039-9140, 1873-3573","Analytical chemistry methods development, Electrochemical Analysis and Applications, Analytical Chemistry and Sensors, Advanced biosensing and bioanalysis techniques, Electrochemical sensors and biosensors, Analytical Chemistry and Chromatography, Biosensors and Analytical Detection, Advanced Chemical Sensor Technologies",General Research,General Research,36760.0,1001128.0,218.0,5.957517899761337,5.24,Q1,1,326112.28,209.65,Very High,95.0,95.0,OpenAlex live API,yes,OpenAlex live data with automatic fallback enrichment.,General Research journal published by Elsevier BV.,2026-05-26 19:39:57
61,Tetrahedron Letters,N/A,2026,journal,OpenAlex Sources API,https://openalex.org/S133942674,http://www.elsevier.com/wps/find/journaldescription.cws_home/233/description#description,http://www.elsevier.com/wps/find/journaldescription.cws_home/233/description#description,Rolling,Continuous,Continuous,rolling_journal,subscription_or_unknown,3690 USD; 3370 EUR; 2950 GBP; 414610 JPY,False,Elsevier BV,GB,"0040-4039, 1873-3581","Synthetic Organic Chemistry Methods, Chemical Synthesis and Analysis, Asymmetric Synthesis and Catalysis, Chemical Synthesis and Reactions, Oxidative Organic Chemistry Reactions, Carbohydrate Chemistry and Synthesis, Fluorine in Organic Chemistry, Catalytic C–H Functionalization Methods",General Research,General Research,106676.0,2487727.0,234.0,1.152,5.24,Q1,1,780443.3,209.42,Very High,95.0,95.0,OpenAlex live API,yes,OpenAlex live data with automatic fallback enrichment.,General Research journal published by Elsevier BV.,2026-05-26 19:38:45
228,Experimental Biology and Medicine,N/A,2026,journal,OpenAlex Sources API,https://openalex.org/S67514239,http://www.sagepub.com/journals/Journal202180/title,http://www.sagepub.com/journals/Journal202180/title,Rolling,Continuous,Continuous,rolling_journal,free_oa,Fee not available,True,SAGE Publishing,GB,"1535-3699, 1535-3702","Diet and metabolism studies, Metabolism and Genetic Disorders, Adipose Tissue and Metabolism, Growth Hormone and Insulin-like Growth Factors, Virus-based gene therapy research, Animal Virus Infections Studies, Erythrocyte Function and Pathophysiology, Birth, Development, and Health",General Research,General Research,47970.0,826884.0,241.0,2.041095890410959,5.23,Q1,1,277064.25,209.37,Very High,95.0,95.0,OpenAlex live API,yes,OpenAlex live data with automatic fallback enrichment.,General Research journal published by SAGE Publishing.,2026-05-26 19:39:32
261,BMJ Open,N/A,2026,journal,OpenAlex Sources API,https://openalex.org/S79054089,http://bmjopen.bmj.com/,http://bmjopen.bmj.com/,Rolling,Continuous,Continuous,rolling_journal,paid_oa,1500 GBP,True,BMJ,GB,2044-6055,"Global Maternal and Child Health, Health Policy Implementation Science, Chronic Disease Management Strategies, COVID-19 and Mental Health, Diabetes Management and Education, Diabetes, Cardiovascular Risks, and Lipoproteins, Cancer survivorship and care, Sepsis Diagnosis and Treatment",General Research,General Research,44310.0,900772.0,240.0,2.111618612617756,5.22,Q1,1,298768.18,208.77,Very High,95.0,95.0,OpenAlex live API,yes,OpenAlex live data with automatic fallback enrichment.,General Research journal published by BMJ.,2026-05-26 19:39:39
133,Energies,N/A,2026,journal,OpenAlex Sources API,https://openalex.org/S198098182,http://www.mdpi.com/journal/energies,http://www.mdpi.com/journal/energies,Rolling,Continuous,Continuous,rolling_journal,paid_oa,2200 CHF,True,Multidisciplinary Digital Publishing Institute,CH,1996-1073,"Microgrid Control and Optimization, Smart Grid Energy Management, Advanced Battery Technologies Research, Building Energy and Comfort Optimization, Electric Vehicles and Infrastructure, Energy Load and Power Forecasting, Integrated Energy Systems Optimization, Hybrid Renewable Energy Systems",General Research,General Research,62557.0,1074438.0,222.0,4.069815728004152,5.21,Q1,1,350990.59,208.37,Very High,95.0,95.0,OpenAlex live API,yes,OpenAlex live data with automatic fallback enrichment.,General Research journal published by Multidisciplinary Digital Publishing Institute.,2026-05-26 19:39:03
85,Journal of the American Medical Association,N/A,2026,journal,OpenAlex Sources API,https://openalex.org/S4210191671,https://jamanetwork.com/journals/jama,https://jamanetwork.com/journals/jama,Rolling,Continuous,Continuous,rolling_journal,subscription_or_unknown,Fee not available,False,American Medical Association,US,"0002-9955, 2376-8118","Healthcare Policy and Management, History of Medical Practice, Pharmaceutical industry and healthcare, Medicine and Dermatology Studies History, Medical Malpractice and Liability Issues, Medical Case Reports and Studies, Medical History and Innovations, Human auditory perception and evaluation",General Research,General Research,85612.0,584885.0,243.0,0.0,5.2,Q1,1,208326.7,207.91,Very High,95.0,95.0,OpenAlex live API,yes,OpenAlex live data with automatic fallback enrichment.,General Research journal published by American Medical Association.,2026-05-26 19:38:50
346,Atherosclerosis,N/A,2026,journal,OpenAlex Sources API,https://openalex.org/S206830620,http://www.elsevier.com/wps/find/journaldescription.cws_home/522790/description,http://www.elsevier.com/wps/find/journaldescription.cws_home/522790/description,Rolling,Continuous,Continuous,rolling_journal,subscription_or_unknown,3520 USD; 3210 EUR; 2820 GBP; 395510 JPY,False,Elsevier BV,NL,"0021-9150, 1879-1484","Lipoproteins and Cardiovascular Health, Diabetes, Cardiovascular Risks, and Lipoproteins, Atherosclerosis and Cardiovascular Diseases, Cancer, Lipids, and Metabolism, Adipokines, Inflammation, and Metabolic Diseases, Cardiovascular Disease and Adiposity, Cholesterol and Lipid Metabolism, Cardiovascular Health and Disease Prevention",General Research,General Research,36184.0,723346.0,245.0,1.3275791204274558,5.2,Q1,1,245188.58,207.85,Very High,95.0,95.0,OpenAlex live API,yes,OpenAlex live data with automatic fallback enrichment.,General Research journal published by Elsevier BV.,2026-05-26 19:40:00
80,Applied Sciences,N/A,2026,journal,OpenAlex Sources API,https://openalex.org/S4210205812,http://www.mdpi.com/journal/applsci,http://www.mdpi.com/journal/applsci,Rolling,Continuous,Continuous,rolling_journal,paid_oa,2300 CHF,True,Multidisciplinary Digital Publishing Institute,CH,2076-3417,"Rock Mechanics and Modeling, Infrastructure Maintenance and Monitoring, Geotechnical Engineering and Underground Structures, Advanced Neural Network Applications, Structural Health Monitoring Techniques, Geotechnical Engineering and Analysis, Landslides and related hazards, Sports Performance and Training",General Research,General Research,88607.0,1067298.0,219.0,3.216879846245609,5.18,Q1,1,351110.94,207.06,Very High,95.0,95.0,OpenAlex live API,yes,OpenAlex live data with automatic fallback enrichment.,General Research journal published by Multidisciplinary Digital Publishing Institute.,2026-05-26 19:38:49
287,Archives of Dermatology,N/A,2026,journal,OpenAlex Sources API,https://openalex.org/S115046667,http://books.google.com/books?id=7ofHAAAAIAAJ,http://books.google.com/books?id=7ofHAAAAIAAJ,Rolling,Continuous,Continuous,rolling_journal,subscription_or_unknown,Fee not available,False,American Medical Association,US,"0003-987X, 1538-3652","Autoimmune Bullous Skin Diseases, Medicine and Dermatology Studies History, Nail Diseases and Treatments, Cutaneous lymphoproliferative disorders research, Genetic and rare skin diseases., Cancer and Skin Lesions, Dermatology and Skin Diseases, Cutaneous Melanoma Detection and Management",General Research,General Research,41116.0,782979.0,251.0,0.0,5.18,Q1,1,264105.3,207.06,Very High,95.0,95.0,OpenAlex live API,yes,OpenAlex live data with automatic fallback enrichment.,General Research journal published by American Medical Association.,2026-05-26 19:39:46
256,Journal of the Physical Society of Japan,N/A,2026,journal,OpenAlex Sources API,https://openalex.org/S119212824,http://jpsj.ipap.jp/index.html,http://jpsj.ipap.jp/index.html,Rolling,Continuous,Continuous,rolling_journal,subscription_or_unknown,Fee not available,False,Physical Society of Japan,JP,"0031-9015, 1347-4073","Physics of Superconductivity and Magnetism, Rare-earth and actinide compounds, Advanced Condensed Matter Physics, Solid-state spectroscopy and crystallography, Quantum and electron transport phenomena, Theoretical and Computational Physics, Magnetic and transport properties of perovskites and related materials, Iron-based superconductors research",General Research,General Research,44974.0,804739.0,239.0,1.6256906077348066,5.17,Q1,1,269900.38,206.92,Very High,95.0,95.0,OpenAlex live API,yes,OpenAlex live data with automatic fallback enrichment.,General Research journal published by Physical Society of Japan.,2026-05-26 19:39:38
259,Solid State Communications,N/A,2026,journal,OpenAlex Sources API,https://openalex.org/S82088436,http://www.journals.elsevier.com/solid-state-communications,http://www.journals.elsevier.com/solid-state-communications,Rolling,Continuous,Continuous,rolling_journal,subscription_or_unknown,2760 USD; 2520 EUR; 2210 GBP; 310110 JPY,False,Elsevier BV,US,"0038-1098, 1879-2766","Physics of Superconductivity and Magnetism, Semiconductor Quantum Structures and Devices, Quantum and electron transport phenomena, Solid-state spectroscopy and crystallography, Rare-earth and actinide compounds, Magnetic and transport properties of perovskites and related materials, Advanced Condensed Matter Physics, Advanced Chemical Physics Studies",General Research,General Research,44597.0,817402.0,230.0,2.978048780487805,5.17,Q1,1,272829.2,206.89,Very High,95.0,95.0,OpenAlex live API,yes,OpenAlex live data with automatic fallback enrichment.,General Research journal published by Elsevier BV.,2026-05-26 19:39:38
400,Physica A Statistical Mechanics and its Applications,N/A,2026,journal,OpenAlex Sources API,https://openalex.org/S24688465,https://www.journals.elsevier.com/physica-a-statistical-mechanics-and-its-applications,https://www.journals.elsevier.com/physica-a-statistical-mechanics-and-its-applications,Rolling,Continuous,Continuous,rolling_journal,subscription_or_unknown,3320 USD; 3030 EUR; 2660 GBP; 373040 JPY,False,Elsevier BV,NL,"0378-4371, 1873-2119","Theoretical and Computational Physics, Complex Systems and Time Series Analysis, Complex Network Analysis Techniques, Advanced Thermodynamics and Statistical Mechanics, Opinion Dynamics and Social Influence, Material Dynamics and Properties, Statistical Mechanics and Entropy, Nonlinear Dynamics and Pattern Formation",General Research,General Research,33141.0,728010.0,234.0,2.6905158069883526,5.17,Q1,1,245251.63,206.69,Very High,95.0,95.0,OpenAlex live API,yes,OpenAlex live data with automatic fallback enrichment.,General Research journal published by Elsevier BV.,2026-05-26 19:40:14
102,BMJ,N/A,2026,journal,OpenAlex Sources API,https://openalex.org/S4393911389,https://openalex.org/S4393911389,https://openalex.org/S4393911389,Rolling,Continuous,Continuous,rolling_journal,subscription_or_unknown,Fee not available,False,Unknown Publisher,Unknown,0007-1447,"Diverse Scientific and Economic Studies, Human auditory perception and evaluation, Healthcare Policy and Management, Primary Care and Health Outcomes, Legal case studies and regulations, Medical History and Innovations, Healthcare Systems and Challenges, Earthquake and Disaster Impact Studies",General Research,General Research,77376.0,653773.0,242.0,0.0,5.17,Q1,1,228069.5,206.64,Very High,95.0,95.0,OpenAlex live API,yes,OpenAlex live data with automatic fallback enrichment.,General Research journal published by Unknown Publisher.,2026-05-26 19:38:53
368,Poultry Science,N/A,2026,journal,OpenAlex Sources API,https://openalex.org/S133896805,https://www.journals.elsevier.com/poultry-science,https://www.journals.elsevier.com/poultry-science,Rolling,Continuous,Continuous,rolling_journal,paid_oa,2000 USD,True,Elsevier BV,US,"0032-5791, 1525-3171","Animal Nutrition and Physiology, Livestock and Poultry Management, Meat and Animal Product Quality, Rabbits: Nutrition, Reproduction, Health, Aquaculture Nutrition and Growth, Animal Behavior and Welfare Studies, Bird parasitology and diseases, Genetic and phenotypic traits in livestock",General Research,General Research,35108.0,825993.0,228.0,3.482315112540193,5.16,Q1,1,274282.82,206.56,Very High,95.0,95.0,OpenAlex live API,yes,OpenAlex live data with automatic fallback enrichment.,General Research journal published by Elsevier BV.,2026-05-26 19:40:08
233,Analytical and Bioanalytical Chemistry,N/A,2026,journal,OpenAlex Sources API,https://openalex.org/S18188872,http://www.springer.com/journal/216,http://www.springer.com/journal/216,Rolling,Continuous,Continuous,rolling_journal,subscription_or_unknown,2790 EUR; 3590 USD; 2390 GBP,False,Springer Science+Business Media,DE,"1618-2642, 1618-2650","Analytical chemistry methods development, Analytical Chemistry and Chromatography, Mass Spectrometry Techniques and Applications, Electrochemical Analysis and Applications, Advanced biosensing and bioanalysis techniques, Analytical Chemistry and Sensors, Physics and Engineering Research Articles, Advanced Chemical Sensor Technologies",General Research,General Research,47438.0,708497.0,226.0,3.3734439834024896,5.16,Q1,1,240061.57,206.56,Very High,95.0,95.0,OpenAlex live API,yes,OpenAlex live data with automatic fallback enrichment.,General Research journal published by Springer Science+Business Media.,2026-05-26 19:39:33
220,Journal of Magnetism and Magnetic Materials,N/A,2026,journal,OpenAlex Sources API,https://openalex.org/S3649266,http://www.journals.elsevier.com/journal-of-magnetism-and-magnetic-materials/,http://www.journals.elsevier.com/journal-of-magnetism-and-magnetic-materials/,Rolling,Continuous,Continuous,rolling_journal,subscription_or_unknown,3000 USD; 2740 EUR; 2400 GBP; 337080 JPY,False,Elsevier BV,NL,"0304-8853, 1873-4766","Magnetic properties of thin films, Magnetic Properties and Applications, Magnetic Properties of Alloys, Magnetic and transport properties of perovskites and related materials, Rare-earth and actinide compounds, Theoretical and Computational Physics, Metallic Glasses and Amorphous Alloys, Physics of Superconductivity and Magnetism",General Research,General Research,49301.0,906831.0,231.0,2.498029556650246,5.16,Q1,1,300204.3,206.37,Very High,95.0,95.0,OpenAlex live API,yes,OpenAlex live data with automatic fallback enrichment.,General Research journal published by Elsevier BV.,2026-05-26 19:39:31
173,Physical review. B./Physical review. B,N/A,2026,journal,OpenAlex Sources API,https://openalex.org/S4210237713,http://journals.aps.org,http://journals.aps.org,Rolling,Continuous,Continuous,rolling_journal,subscription_or_unknown,Fee not available,False,American Physical Society,US,"2469-9950, 2469-9969, 2469-9977","Physics of Superconductivity and Magnetism, Topological Materials and Phenomena, Quantum and electron transport phenomena, Advanced Condensed Matter Physics, Quantum many-body systems, Graphene research and applications, Magnetic and transport properties of perovskites and related materials, Magnetic properties of thin films",General Research,General Research,55026.0,1025007.0,222.0,3.461380020597322,5.14,Q1,1,335377.77,205.79,Very High,95.0,95.0,OpenAlex live API,yes,OpenAlex live data with automatic fallback enrichment.,General Research journal published by American Physical Society.,2026-05-26 19:39:13
300,The Laryngoscope,N/A,2026,journal,OpenAlex Sources API,https://openalex.org/S86387881,https://onlinelibrary.wiley.com/journal/15314995,https://onlinelibrary.wiley.com/journal/15314995,Rolling,Continuous,Continuous,rolling_journal,subscription_or_unknown,4840 USD; 3240 GBP; 4070 EUR,False,Wiley,US,"0023-852X, 1091-756X, 1531-4995","Tracheal and airway disorders, Voice and Speech Disorders, Ear Surgery and Otitis Media, Head and Neck Surgical Oncology, Head and Neck Anomalies, Sinusitis and nasal conditions, Nasal Surgery and Airway Studies, Head and Neck Cancer Studies",General Research,General Research,40054.0,858947.0,238.0,1.5220093215950286,5.14,Q1,1,285565.6,205.67,Very High,95.0,95.0,OpenAlex live API,yes,OpenAlex live data with automatic fallback enrichment.,General Research journal published by Wiley.,2026-05-26 19:39:48
345,Cancers,N/A,2026,journal,OpenAlex Sources API,https://openalex.org/S168415115,https://www.mdpi.com/journal/cancers/,https://www.mdpi.com/journal/cancers/,Rolling,Continuous,Continuous,rolling_journal,paid_oa,2400 CHF,True,Multidisciplinary Digital Publishing Institute,CH,2072-6694,"Cancer Immunotherapy and Biomarkers, Cancer Genomics and Diagnostics, Cancer Cells and Metastasis, Pancreatic and Hepatic Oncology Research, Glioma Diagnosis and Treatment, Radiomics and Machine Learning in Medical Imaging, Cancer, Hypoxia, and Metabolism, Epigenetics and DNA Methylation",General Research,General Research,36401.0,780705.0,219.0,4.357927946265011,5.13,Q1,1,259969.5,205.26,Very High,95.0,95.0,OpenAlex live API,yes,OpenAlex live data with automatic fallback enrichment.,General Research journal published by Multidisciplinary Digital Publishing Institute.,2026-05-26 19:39:59
385,FEMS Microbiology Letters,N/A,2026,journal,OpenAlex Sources API,https://openalex.org/S34954451,https://academic.oup.com/femsle,https://academic.oup.com/femsle,Rolling,Continuous,Continuous,rolling_journal,subscription_or_unknown,2686 GBP,False,Oxford University Press,NL,"0378-1097, 1574-6968","Bacterial Genetics and Biotechnology, Bacteriophages and microbial interactions, Genomics and Phylogenetic Studies, Microbial Community Ecology and Physiology, Microbial Metabolic Engineering and Bioproduction, RNA and protein synthesis mechanisms, Probiotics and Fermented Foods, Antibiotic Resistance in Bacteria",General Research,General Research,33940.0,752704.0,238.0,1.5653495440729484,5.13,Q1,1,253083.47,205.19,Very High,95.0,95.0,OpenAlex live API,yes,OpenAlex live data with automatic fallback enrichment.,General Research journal published by Oxford University Press.,2026-05-26 19:40:11
270,The Analyst,N/A,2026,journal,OpenAlex Sources API,https://openalex.org/S105746325,http://pubs.rsc.org/en/journals/journalissues/an,http://pubs.rsc.org/en/journals/journalissues/an,Rolling,Continuous,Continuous,rolling_journal,subscription_or_unknown,Fee not available,False,Royal Society of Chemistry,GB,"0003-2654, 1364-5528","Analytical chemistry methods development, Analytical Chemistry and Sensors, Advanced biosensing and bioanalysis techniques, Electrochemical Analysis and Applications, Analytical Chemistry and Chromatography, Electrochemical sensors and biosensors, Advanced Chemical Sensor Technologies, Biosensors and Analytical Detection",General Research,General Research,42513.0,749928.0,227.0,2.8208754208754208,5.12,Q1,1,252070.74,204.86,Very High,95.0,95.0,OpenAlex live API,yes,OpenAlex live data with automatic fallback enrichment.,General Research journal published by Royal Society of Chemistry.,2026-05-26 19:39:42
305,Dalton Transactions,N/A,2026,journal,OpenAlex Sources API,https://openalex.org/S166159787,http://www.rsc.org/Publishing/Journals/dt/index.asp,http://www.rsc.org/Publishing/Journals/dt/index.asp,Rolling,Continuous,Continuous,rolling_journal,subscription_or_unknown,Fee not available,False,Royal Society of Chemistry,GB,"1477-9226, 1477-9234","Magnetism in coordination complexes, Metal-Organic Frameworks: Synthesis and Applications, Metal complexes synthesis and properties, Organometallic Complex Synthesis and Catalysis, Lanthanide and Transition Metal Complexes, Synthesis and characterization of novel inorganic/organometallic compounds, Polyoxometalates: Synthesis and Applications, Metal-Catalyzed Oxygenation Mechanisms",General Research,General Research,39815.0,1010306.0,224.0,3.019406647334374,5.1,Q1,1,329624.27,203.84,Very High,95.0,95.0,OpenAlex live API,yes,OpenAlex live data with automatic fallback enrichment.,General Research journal published by Royal Society of Chemistry.,2026-05-26 19:39:49
362,Journal of American History,N/A,2026,journal,OpenAlex Sources API,https://openalex.org/S95667342,https://academic.oup.com/jah,https://academic.oup.com/jah,Rolling,Continuous,Continuous,rolling_journal,subscription_or_unknown,Fee not available,False,Oxford University Press,US,"0021-8723, 1945-2314","American History and Culture, American Constitutional Law and Politics, Race, History, and American Society, American Environmental and Regional History, Vietnamese History and Culture Studies, Archaeology and Natural History, Colonialism, slavery, and trade, Latin American and Latino Studies",General Research,General Research,35266.0,495469.0,240.0,0.6580976863753213,5.09,Q1,1,176200.2,203.5,Very High,95.0,95.0,OpenAlex live API,yes,OpenAlex live data with automatic fallback enrichment.,General Research journal published by Oxford University Press.,2026-05-26 19:40:05
310,Urology,N/A,2026,journal,OpenAlex Sources API,https://openalex.org/S196979320,http://www.elsevier.com/wps/find/journaldescription.cws_home/525053/description,http://www.elsevier.com/wps/find/journaldescription.cws_home/525053/description,Rolling,Continuous,Continuous,rolling_journal,subscription_or_unknown,3110 USD; 2840 EUR; 2490 GBP; 349440 JPY,False,Elsevier BV,US,"0090-4295, 1527-9995","Prostate Cancer Diagnosis and Treatment, Urological Disorders and Treatments, Urinary Bladder and Prostate Research, Bladder and Urothelial Cancer Treatments, Pediatric Urology and Nephrology Studies, Pelvic floor disorders treatments, Prostate Cancer Treatment and Research, Kidney Stones and Urolithiasis Treatments",General Research,General Research,39485.0,777302.0,237.0,0.9289729177312213,5.08,Q1,1,260885.55,203.39,Very High,95.0,95.0,OpenAlex live API,yes,OpenAlex live data with automatic fallback enrichment.,General Research journal published by Elsevier BV.,2026-05-26 19:39:50
113,The American Journal of the Medical Sciences,N/A,2026,journal,OpenAlex Sources API,https://openalex.org/S109361689,https://www.sciencedirect.com/journal/the-american-journal-of-the-medical-sciences,https://www.sciencedirect.com/journal/the-american-journal-of-the-medical-sciences,Rolling,Continuous,Continuous,rolling_journal,subscription_or_unknown,2550 USD; 2330 EUR; 2040 GBP; 286520 JPY,False,Elsevier BV,US,"0002-9629, 1538-2990","Medical History and Innovations, Medical and Biological Sciences, History of Medicine Studies, Hematological disorders and diagnostics, Infectious Diseases and Tuberculosis, Diet and metabolism studies, History of Medical Practice, Tuberculosis Research and Epidemiology",General Research,General Research,69836.0,549713.0,234.0,0.2809719370294319,5.08,Q1,1,195311.55,203.13,Very High,95.0,95.0,OpenAlex live API,yes,OpenAlex live data with automatic fallback enrichment.,General Research journal published by Elsevier BV.,2026-05-26 19:38:57
356,Journal of Mathematical Analysis and Applications,N/A,2026,journal,OpenAlex Sources API,https://openalex.org/S151579836,https://www.journals.elsevier.com/journal-of-mathematical-analysis-and-applications,https://www.journals.elsevier.com/journal-of-mathematical-analysis-and-applications,Rolling,Continuous,Continuous,rolling_journal,subscription_or_unknown,3070 USD; 2800 EUR; 2460 GBP; 344950 JPY,False,Elsevier BV,US,"0022-247X, 1096-0813","Advanced Mathematical Modeling in Engineering, Nonlinear Differential Equations Analysis, Nonlinear Partial Differential Equations, Stability and Controllability of Differential Equations, Holomorphic and Operator Theory, Differential Equations and Numerical Methods, Advanced Mathematical Physics Problems, Differential Equations and Boundary Problems",General Research,General Research,35567.0,640408.0,236.0,1.008182601205857,5.07,Q1,1,219329.51,202.78,Very High,95.0,95.0,OpenAlex live API,yes,OpenAlex live data with automatic fallback enrichment.,General Research journal published by Elsevier BV.,2026-05-26 19:40:02
366,Annals of Emergency Medicine,N/A,2026,journal,OpenAlex Sources API,https://openalex.org/S116012647,http://www.annemergmed.com/,http://www.annemergmed.com/,Rolling,Continuous,Continuous,rolling_journal,subscription_or_unknown,3850 USD; 3510 EUR; 3080 GBP; 432590 JPY,False,Elsevier BV,US,"0196-0644, 1085-8717, 1097-6760","Emergency and Acute Care Studies, Trauma and Emergency Care Studies, Cardiac Arrest and Resuscitation, Diverse Scientific and Economic Studies, Disaster Response and Management, Airway Management and Intubation Techniques, Healthcare Policy and Management, Poisoning and overdose treatments",General Research,General Research,35132.0,507250.0,238.0,0.7034339229968782,5.07,Q1,1,179523.37,202.72,Very High,95.0,95.0,OpenAlex live API,yes,OpenAlex live data with automatic fallback enrichment.,General Research journal published by Elsevier BV.,2026-05-26 19:40:07
224,Journal of Molecular Structure,N/A,2026,journal,OpenAlex Sources API,https://openalex.org/S203479135,http://www.sciencedirect.com/science/journal/00222860,http://www.sciencedirect.com/science/journal/00222860,Rolling,Continuous,Continuous,rolling_journal,subscription_or_unknown,3430 USD; 3130 EUR; 2750 GBP; 385390 JPY,False,Elsevier BV,NL,"0022-2860, 1872-8014","Metal complexes synthesis and properties, Synthesis and biological activity, Crystallography and molecular interactions, Nonlinear Optical Materials Research, Advanced Chemical Physics Studies, Molecular Spectroscopy and Structure, Metal-Organic Frameworks: Synthesis and Applications, Crystal structures of chemical compounds",General Research,General Research,48400.0,819301.0,208.0,4.752834467120182,5.07,Q1,1,271667.94,202.7,Very High,95.0,95.0,OpenAlex live API,yes,OpenAlex live data with automatic fallback enrichment.,General Research journal published by Elsevier BV.,2026-05-26 19:39:31
126,Alzheimer s & Dementia,N/A,2026,journal,OpenAlex Sources API,https://openalex.org/S108427512,https://onlinelibrary.wiley.com/journal/15525279,https://onlinelibrary.wiley.com/journal/15525279,Rolling,Continuous,Continuous,rolling_journal,subscription_or_unknown,4000 USD,False,Wiley,US,"1552-5260, 1552-5279","Dementia and Cognitive Impairment Research, Alzheimer's disease research and treatments, Functional Brain Connectivity Studies, Neurological Disease Mechanisms and Treatments, Cholinesterase and Neurodegenerative Diseases, Advanced Neuroimaging Techniques and Applications, Neuroinflammation and Neurodegeneration Mechanisms, Health, Environment, Cognitive Aging",General Research,General Research,65892.0,366478.0,224.0,1.5994615832363213,5.05,Q1,1,139012.57,202.19,Very High,95.0,95.0,OpenAlex live API,yes,OpenAlex live data with automatic fallback enrichment.,General Research journal published by Wiley.,2026-05-26 19:39:01
301,Journal of Hypertension,N/A,2026,journal,OpenAlex Sources API,https://openalex.org/S115964404,http://www.jhypertension.com/,http://www.jhypertension.com/,Rolling,Continuous,Continuous,rolling_journal,subscription_or_unknown,Fee not available,False,Lippincott Williams & Wilkins,GB,"0263-6352, 1473-5598","Blood Pressure and Hypertension Studies, Cardiovascular Health and Disease Prevention, Hormonal Regulation and Hypertension, Heart Rate Variability and Autonomic Control, Sodium Intake and Health, Renin-Angiotensin System Studies, Cardiovascular Disease and Adiposity, Cardiovascular Function and Risk Factors",General Research,General Research,40049.0,530709.0,236.0,0.6316168527187612,5.05,Q1,1,186849.18,202.1,Very High,95.0,95.0,OpenAlex live API,yes,OpenAlex live data with automatic fallback enrichment.,General Research journal published by Lippincott Williams & Wilkins.,2026-05-26 19:39:49
275,Nephrology Dialysis Transplantation,N/A,2026,journal,OpenAlex Sources API,https://openalex.org/S186113128,http://ndt.oxfordjournals.org/,http://ndt.oxfordjournals.org/,Rolling,Continuous,Continuous,rolling_journal,subscription_or_unknown,3182 EUR,False,Oxford University Press,GB,"0931-0509, 1460-2385","Dialysis and Renal Disease Management, Renal Diseases and Glomerulopathies, Chronic Kidney Disease and Diabetes, Renal Transplantation Outcomes and Treatments, Parathyroid Disorders and Treatments, Acute Kidney Injury Research, Renal and Vascular Pathologies, Organ Donation and Transplantation",General Research,General Research,42065.0,717431.0,233.0,0.9911190053285968,5.05,Q1,1,242785.36,202.03,Very High,95.0,95.0,OpenAlex live API,yes,OpenAlex live data with automatic fallback enrichment.,General Research journal published by Oxford University Press.,2026-05-26 19:39:43
215,Pediatric Research,N/A,2026,journal,OpenAlex Sources API,https://openalex.org/S167664057,http://www.nature.com/pr/,http://www.nature.com/pr/,Rolling,Continuous,Continuous,rolling_journal,subscription_or_unknown,3890 EUR; 4990 USD; 3390 GBP,False,Springer Nature,US,"0031-3998, 1530-0447","Neonatal Respiratory Health Research, Metabolism and Genetic Disorders, Neonatal and fetal brain pathology, Birth, Development, and Health, Neuroscience of respiration and sleep, Infant Nutrition and Health, Neonatal Health and Biochemistry, Congenital Diaphragmatic Hernia Studies",General Research,General Research,49587.0,591696.0,222.0,2.1754137115839245,5.03,Q1,1,204776.27,201.38,Very High,95.0,95.0,OpenAlex live API,yes,OpenAlex live data with automatic fallback enrichment.,General Research journal published by Springer Nature.,2026-05-26 19:39:29
167,Nuclear Instruments and Methods in Physics Research Section A Accelerators Spectrometers Detectors and Associated Equipment,N/A,2026,journal,OpenAlex Sources API,https://openalex.org/S145630073,http://www.sciencedirect.com/science/journal/01675087,http://www.sciencedirect.com/science/journal/01675087,Rolling,Continuous,Continuous,rolling_journal,subscription_or_unknown,2690 USD; 2450 EUR; 2150 GBP; 302250 JPY,False,Elsevier BV,NL,"0168-9002, 1872-9576","Radiation Detection and Scintillator Technologies, Particle Detector Development and Performance, Nuclear Physics and Applications, Particle Accelerators and Free-Electron Lasers, Particle accelerators and beam dynamics, Particle physics theoretical and experimental studies, Atomic and Subatomic Physics Research, Medical Imaging Techniques and Applications",General Research,General Research,55524.0,826523.0,226.0,1.2949956101843723,5.03,Q1,1,276174.05,201.14,Very High,95.0,95.0,OpenAlex live API,yes,OpenAlex live data with automatic fallback enrichment.,General Research journal published by Elsevier BV.,2026-05-26 19:39:12
288,Journal of the Neurological Sciences,N/A,2026,journal,OpenAlex Sources API,https://openalex.org/S169054600,http://www.elsevier.com/wps/find/journaldescription.cws_home/506078/description,http://www.elsevier.com/wps/find/journaldescription.cws_home/506078/description,Rolling,Continuous,Continuous,rolling_journal,subscription_or_unknown,3530 USD; 3220 EUR; 2830 GBP; 396630 JPY,False,Elsevier BV,NL,"0022-510X, 1878-5883","Parkinson's Disease Mechanisms and Treatments, Multiple Sclerosis Research Studies, Acute Ischemic Stroke Management, Neurological disorders and treatments, Genetic Neurodegenerative Diseases, Peripheral Neuropathies and Disorders, Epilepsy research and treatment, Amyotrophic Lateral Sclerosis Research",General Research,General Research,40943.0,635186.0,231.0,0.7837837837837838,5.01,Q1,1,217789.29,200.4,Very High,95.0,95.0,OpenAlex live API,yes,OpenAlex live data with automatic fallback enrichment.,General Research journal published by Elsevier BV.,2026-05-26 19:39:46
153,Radiotherapy and Oncology,N/A,2026,journal,OpenAlex Sources API,https://openalex.org/S144507673,https://www.journals.elsevier.com/radiotherapy-and-oncology,https://www.journals.elsevier.com/radiotherapy-and-oncology,Rolling,Continuous,Continuous,rolling_journal,subscription_or_unknown,3210 USD; 2930 EUR; 2570 GBP; 360680 JPY,False,Elsevier BV,NL,"0167-8140, 1879-0887","Advanced Radiotherapy Techniques, Radiomics and Machine Learning in Medical Imaging, Medical Imaging Techniques and Applications, Radiation Therapy and Dosimetry, Head and Neck Cancer Studies, Lung Cancer Diagnosis and Treatment, Advances in Oncology and Radiotherapy, Prostate Cancer Diagnosis and Treatment",General Research,General Research,57774.0,478903.0,225.0,0.6064948724691034,4.97,Q1,575,171978.62,198.85,Very High,95.0,95.0,OpenAlex live API,yes,OpenAlex live data with automatic fallback enrichment.,General Research journal published by Elsevier BV.,2026-05-26 19:39:08
169,Ceramics International,N/A,2026,journal,OpenAlex Sources API,https://openalex.org/S106928643,https://www.journals.elsevier.com/ceramics-international,https://www.journals.elsevier.com/ceramics-international,Rolling,Continuous,Continuous,rolling_journal,subscription_or_unknown,3440 USD; 3140 EUR; 2750 GBP; 386520 JPY,False,Elsevier BV,GB,"0272-8842, 1873-3956","Advanced ceramic materials synthesis, Ferroelectric and Piezoelectric Materials, Advanced materials and composites, Microwave Dielectric Ceramics Synthesis, Luminescence Properties of Advanced Materials, Multiferroics and related materials, Advanced Photocatalysis Techniques, Gas Sensing Nanomaterials and Sensors",General Research,General Research,55323.0,1216092.0,194.0,5.248355263157895,4.96,Q1,710,390022.32,198.58,Very High,95.0,95.0,OpenAlex live API,yes,OpenAlex live data with automatic fallback enrichment.,General Research journal published by Elsevier BV.,2026-05-26 19:39:12
255,Journal of Organometallic Chemistry,N/A,2026,journal,OpenAlex Sources API,https://openalex.org/S108008259,http://www.elsevier.com/locate/inca/504090,http://www.elsevier.com/locate/inca/504090,Rolling,Continuous,Continuous,rolling_journal,subscription_or_unknown,3600 USD; 3280 EUR; 2880 GBP; 404500 JPY,False,Elsevier BV,NL,"0022-328X, 1872-8561","Organometallic Complex Synthesis and Catalysis, Synthesis and characterization of novel inorganic/organometallic compounds, Asymmetric Hydrogenation and Catalysis, Metal complexes synthesis and properties, Coordination Chemistry and Organometallics, Organometallic Compounds Synthesis and Characterization, Synthetic Organic Chemistry Methods, Organoboron and organosilicon chemistry",General Research,General Research,45133.0,1018983.0,214.0,2.2385026737967912,4.94,Q1,1235,331720.13,197.53,Very High,95.0,95.0,OpenAlex live API,yes,OpenAlex live data with automatic fallback enrichment.,General Research journal published by Elsevier BV.,2026-05-26 19:39:38
393,Journal of Nuclear Materials,N/A,2026,journal,OpenAlex Sources API,https://openalex.org/S149516416,https://www.journals.elsevier.com/journal-of-nuclear-materials,https://www.journals.elsevier.com/journal-of-nuclear-materials,Rolling,Continuous,Continuous,rolling_journal,subscription_or_unknown,2510 USD; 2290 EUR; 2010 GBP; 282020 JPY,False,Elsevier BV,NL,"0022-3115, 1873-4820","Nuclear Materials and Properties, Fusion materials and technologies, Nuclear reactor physics and engineering, Nuclear materials and radiation effects, Radioactive element chemistry and processing, Magnetic confinement fusion research, Ion-surface interactions and analysis, Hydrogen embrittlement and corrosion behaviors in metals",General Research,General Research,33485.0,777567.0,213.0,2.709656925031766,4.93,Q1,1335,258054.08,197.33,Very High,95.0,95.0,OpenAlex live API,yes,OpenAlex live data with automatic fallback enrichment.,General Research journal published by Elsevier BV.,2026-05-26 19:40:13
53,SAE technical papers on CD-ROM/SAE technical paper series,N/A,2026,journal,OpenAlex Sources API,https://openalex.org/S4210202285,https://openalex.org/S4210202285,https://openalex.org/S4210202285,Rolling,Continuous,Continuous,rolling_journal,subscription_or_unknown,Fee not available,False,Unknown Publisher,US,"0148-7191, 1083-4958, 2688-3627","Advanced Combustion Engine Technologies, Vehicle emissions and performance, Mechanical Engineering and Vibrations Research, Vehicle Dynamics and Control Systems, Biodiesel Production and Applications, Combustion and flame dynamics, Real-time simulation and control systems, Electric and Hybrid Vehicle Technologies",General Research,General Research,119685.0,936338.0,207.0,0.644022196065243,4.93,Q1,1475,313602.1,197.05,Very High,95.0,95.0,OpenAlex live API,yes,OpenAlex live data with automatic fallback enrichment.,General Research journal published by Unknown Publisher.,2026-05-26 19:38:43
252,Heliyon,N/A,2026,journal,OpenAlex Sources API,https://openalex.org/S2898612692,https://www.sciencedirect.com/journal/heliyon,https://www.sciencedirect.com/journal/heliyon,Rolling,Continuous,Continuous,rolling_journal,paid_oa,1750 USD,True,Elsevier BV,GB,2405-8440,"Ferroptosis and cancer prognosis, Energy, Environment, Economic Growth, Phytochemicals and Antioxidant Activities, Cancer-related molecular mechanisms research, COVID-19 and Mental Health, SARS-CoV-2 and COVID-19 Research, Essential Oils and Antimicrobial Activity, COVID-19 Clinical Research Studies",General Research,General Research,45390.0,667616.0,177.0,7.501338560091787,4.92,Q1,1655,222898.87,196.69,Very High,95.0,95.0,OpenAlex live API,yes,OpenAlex live data with automatic fallback enrichment.,General Research journal published by Elsevier BV.,2026-05-26 19:39:37
303,Journal of Molecular Medicine,N/A,2026,journal,OpenAlex Sources API,https://openalex.org/S114689480,http://www.springerlink.com/content/100437/,http://www.springerlink.com/content/100437/,Rolling,Continuous,Continuous,rolling_journal,subscription_or_unknown,3290 EUR; 3990 USD; 2690 GBP,False,Springer Science+Business Media,DE,"0946-2716, 1432-1440","Biomedical and Chemical Research, Medical and Health Sciences Research, Psychology, Coaching, and Therapy, European history and politics, Sports Science and Education, Health and Medical Studies, Metabolism and Genetic Disorders, Medical History and Research",General Research,General Research,40005.0,426025.0,200.0,4.054545454545455,4.9,Q1,1920,152010.73,196.16,Very High,95.0,95.0,OpenAlex live API,yes,OpenAlex live data with automatic fallback enrichment.,General Research journal published by Springer Science+Business Media.,2026-05-26 19:39:49
177,Electronics Letters,N/A,2026,journal,OpenAlex Sources API,https://openalex.org/S149016011,http://www.theiet.org/eletters,http://www.theiet.org/eletters,Rolling,Continuous,Continuous,rolling_journal,paid_oa,2200 USD; 1700 GBP; 2000 EUR,True,Institution of Engineering and Technology,US,"0013-5194, 1350-911X","Photonic and Optical Devices, Semiconductor Lasers and Optical Devices, Optical Network Technologies, Microwave Engineering and Waveguides, Semiconductor Quantum Structures and Devices, Antenna Design and Analysis, Radio Frequency Integrated Circuit Design, Advanced Fiber Laser Technologies",General Research,General Research,54274.0,795248.0,212.0,1.0214446952595937,4.85,Q1,3055,265252.87,193.89,Very High,95.0,95.0,OpenAlex live API,yes,OpenAlex live data with automatic fallback enrichment.,General Research journal published by Institution of Engineering and Technology.,2026-05-26 19:39:16
284,Journal of Crystal Growth,N/A,2026,journal,OpenAlex Sources API,https://openalex.org/S10719676,https://www.journals.elsevier.com/journal-of-crystal-growth,https://www.journals.elsevier.com/journal-of-crystal-growth,Rolling,Continuous,Continuous,rolling_journal,subscription_or_unknown,2990 USD; 2730 EUR; 2390 GBP; 335960 JPY,False,Elsevier BV,NL,"0022-0248, 1873-5002","Semiconductor Quantum Structures and Devices, GaN-based semiconductor devices and materials, Semiconductor materials and devices, Advanced Semiconductor Detectors and Materials, Solidification and crystal growth phenomena, Chalcogenide Semiconductor Thin Films, Crystallization and Solubility Studies, ZnO doping and properties",General Research,General Research,41610.0,863596.0,206.0,2.100840336134454,4.83,Q1,3420,283944.84,193.16,Very High,95.0,95.0,OpenAlex live API,yes,OpenAlex live data with automatic fallback enrichment.,General Research journal published by Elsevier BV.,2026-05-26 19:39:45
174,Journal of Chemical Education,N/A,2026,journal,OpenAlex Sources API,https://openalex.org/S105208853,https://pubs.acs.org/journal/jceda8,https://pubs.acs.org/journal/jceda8,Rolling,Continuous,Continuous,rolling_journal,subscription_or_unknown,Fee not available,False,American Chemical Society,US,"0021-9584, 1938-1328","Various Chemistry Research Topics, History and advancements in chemistry, Chemistry and Chemical Engineering, Inorganic and Organometallic Chemistry, Science Education and Pedagogy, Innovative Teaching Methods, Chemical Safety and Risk Management, Analytical Chemistry and Chromatography",General Research,General Research,54978.0,477033.0,198.0,2.7826844857640904,4.82,Q1,3525,168546.83,192.95,Very High,95.0,95.0,OpenAlex live API,yes,OpenAlex live data with automatic fallback enrichment.,General Research journal published by American Chemical Society.,2026-05-26 19:39:14
340,Frontiers in Oncology,N/A,2026,journal,OpenAlex Sources API,https://openalex.org/S2596394214,http://www.frontiersin.org/oncology,http://www.frontiersin.org/oncology,Rolling,Continuous,Continuous,rolling_journal,paid_oa,2950 USD,True,Frontiers Media,CH,2234-943X,"Cancer Immunotherapy and Biomarkers, Ferroptosis and cancer prognosis, Radiomics and Machine Learning in Medical Imaging, Cancer-related molecular mechanisms research, Glioma Diagnosis and Treatment, Lung Cancer Treatments and Mutations, RNA modifications and cancer, Lung Cancer Diagnosis and Treatment",General Research,General Research,36719.0,622502.0,204.0,2.317043768545994,4.81,Q1,3790,210938.35,192.42,Very High,95.0,95.0,OpenAlex live API,yes,OpenAlex live data with automatic fallback enrichment.,General Research journal published by Frontiers Media.,2026-05-26 19:39:58
375,The Journal of the American Dental Association,N/A,2026,journal,OpenAlex Sources API,https://openalex.org/S116566766,https://www.sciencedirect.com/journal/the-journal-of-the-american-dental-association,https://www.sciencedirect.com/journal/the-journal-of-the-american-dental-association,Rolling,Continuous,Continuous,rolling_journal,subscription_or_unknown,3210 USD; 2930 EUR; 2570 GBP; 360680 JPY,False,Elsevier BV,GB,"0002-8177, 1943-4723","Dental Education, Practice, Research, Diverse Scientific and Economic Studies, Dental Health and Care Utilization, Human auditory perception and evaluation, Dental Research and COVID-19, Oral microbiology and periodontitis research, Dental Radiography and Imaging, Dental materials and restorations",General Research,General Research,34494.0,352977.0,211.0,1.2081967213114755,4.8,Q1,3990,130502.91,192.02,Very High,95.0,95.0,OpenAlex live API,yes,OpenAlex live data with automatic fallback enrichment.,General Research journal published by Elsevier BV.,2026-05-26 19:40:09
355,Annalen der Physik,N/A,2026,journal,OpenAlex Sources API,https://openalex.org/S194691280,http://www.wiley-vch.de/publish/en/journals/alphabeticIndex/2257/,http://www.wiley-vch.de/publish/en/journals/alphabeticIndex/2257/,Rolling,Continuous,Continuous,rolling_journal,subscription_or_unknown,4020 USD; 2730 GBP; 3350 EUR,False,Wiley,DE,"0003-3804, 1521-3889","History and advancements in chemistry, Physics and Engineering Research Articles, Quantum Mechanics and Applications, Philosophy, Science, and History, Advanced Chemical Physics Studies, Spectroscopy and Quantum Chemical Studies, Atomic and Molecular Physics, Advanced Thermodynamics and Statistical Mechanics",General Research,General Research,35673.0,355393.0,203.0,1.326271186440678,4.72,Q1,5550,130551.51,188.9,Very High,95.0,95.0,OpenAlex live API,yes,OpenAlex live data with automatic fallback enrichment.,General Research journal published by Wiley.,2026-05-26 19:40:02
232,IEEE Transactions on Magnetics,N/A,2026,journal,OpenAlex Sources API,https://openalex.org/S50523690,http://ieeexplore.ieee.org/xpl/RecentIssue.jsp?punumber=20,http://ieeexplore.ieee.org/xpl/RecentIssue.jsp?punumber=20,Rolling,Continuous,Continuous,rolling_journal,subscription_or_unknown,Fee not available,False,IEEE Magnetics Society,US,"0018-9464, 1941-0069","Magnetic Properties and Applications, Magnetic properties of thin films, Electric Motor Design and Analysis, Physics of Superconductivity and Magnetism, Non-Destructive Testing Techniques, Superconducting Materials and Applications, Electromagnetic Simulation and Numerical Methods, Magnetic Bearings and Levitation Dynamics",General Research,General Research,47572.0,800738.0,201.0,0.9412685982772122,4.7,Q1,5985,265125.66,188.03,Very High,95.0,95.0,OpenAlex live API,yes,OpenAlex live data with automatic fallback enrichment.,General Research journal published by IEEE Magnetics Society.,2026-05-26 19:39:33
315,Transportation Research Record Journal of the Transportation Research Board,N/A,2026,journal,OpenAlex Sources API,https://openalex.org/S145575934,https://us.sagepub.com/en-us/nam/transportation-research-record/journal203503,https://us.sagepub.com/en-us/nam/transportation-research-record/journal203503,Rolling,Continuous,Continuous,rolling_journal,subscription_or_unknown,Fee not available,False,SAGE Publishing,US,"0361-1981, 2169-4052","Transportation Planning and Optimization, Infrastructure Maintenance and Monitoring, Asphalt Pavement Performance Evaluation, Urban Transport and Accessibility, Traffic and Road Safety, Traffic Prediction and Management Techniques, Traffic control and management, Transportation and Mobility Innovations",General Research,General Research,38816.0,606491.0,197.0,1.6372208436724567,4.69,Q1,6280,205610.76,187.44,Very High,95.0,95.0,OpenAlex live API,yes,OpenAlex live data with automatic fallback enrichment.,General Research journal published by SAGE Publishing.,2026-05-26 19:39:52
333,Journal of Pediatric Surgery,N/A,2026,journal,OpenAlex Sources API,https://openalex.org/S39924113,https://www.journals.elsevier.com/journal-of-pediatric-surgery,https://www.journals.elsevier.com/journal-of-pediatric-surgery,Rolling,Continuous,Continuous,rolling_journal,subscription_or_unknown,3880 USD; 3540 EUR; 3110 GBP; 435960 JPY,False,Elsevier BV,US,"0022-3468, 1531-5037","Congenital Diaphragmatic Hernia Studies, Intestinal Malrotation and Obstruction Disorders, Urological Disorders and Treatments, Congenital gastrointestinal and neural anomalies, Esophageal and GI Pathology, Congenital Anomalies and Fetal Surgery, Tracheal and airway disorders, Pediatric Hepatobiliary Diseases and Treatments",General Research,General Research,37296.0,693183.0,198.0,1.5090403337969402,4.68,Q1,6320,231559.95,187.36,Very High,95.0,95.0,OpenAlex live API,yes,OpenAlex live data with automatic fallback enrichment.,General Research journal published by Elsevier BV.,2026-05-26 19:39:56
298,Optics Communications,N/A,2026,journal,OpenAlex Sources API,https://openalex.org/S186881120,http://www.elsevier.com/wps/find/journaldescription.cws_home/505711/description,http://www.elsevier.com/wps/find/journaldescription.cws_home/505711/description,Rolling,Continuous,Continuous,rolling_journal,subscription_or_unknown,2320 USD; 2120 EUR; 1860 GBP; 260680 JPY,False,Elsevier BV,NL,"0030-4018, 1873-0310","Advanced Fiber Laser Technologies, Photonic and Optical Devices, Laser-Matter Interactions and Applications, Optical Network Technologies, Photorefractive and Nonlinear Optics, Solid State Laser Technologies, Advanced Fiber Optic Sensors, Quantum optics and atomic interactions",General Research,General Research,40162.0,671537.0,190.0,2.495049504950495,4.67,Q1,6500,224602.05,187.0,Very High,95.0,95.0,OpenAlex live API,yes,OpenAlex live data with automatic fallback enrichment.,General Research journal published by Elsevier BV.,2026-05-26 19:39:48
279,Materials Letters,N/A,2026,journal,OpenAlex Sources API,https://openalex.org/S55626769,https://www.journals.elsevier.com/materials-letters,https://www.journals.elsevier.com/materials-letters,Rolling,Continuous,Continuous,rolling_journal,subscription_or_unknown,2440 USD; 2230 EUR; 1950 GBP; 274160 JPY,False,Elsevier BV,NL,"0167-577X, 1873-4979","Advanced Photocatalysis Techniques, ZnO doping and properties, Gas Sensing Nanomaterials and Sensors, Advancements in Battery Materials, Supercapacitor Materials and Fabrication, Quantum Dots Synthesis And Properties, Aluminum Alloys Composites Properties, Copper-based nanomaterials and applications",General Research,General Research,41833.0,863420.0,190.0,2.378634503553737,4.67,Q1,6590,282328.23,186.82,Very High,95.0,95.0,OpenAlex live API,yes,OpenAlex live data with automatic fallback enrichment.,General Research journal published by Elsevier BV.,2026-05-26 19:39:44
392,Procedia Computer Science,N/A,2026,journal,OpenAlex Sources API,https://openalex.org/S120348307,https://www.journals.elsevier.com/procedia-computer-science,https://www.journals.elsevier.com/procedia-computer-science,Rolling,Continuous,Continuous,rolling_journal,free_oa,Fee not available,True,Elsevier BV,NL,1877-0509,"IoT and Edge/Fog Computing, Digital Transformation in Industry, Topic Modeling, Network Security and Intrusion Detection, Big Data and Business Intelligence, Cloud Computing and Resource Management, Semantic Web and Ontologies, Blockchain Technology Applications and Security",General Research,General Research,33553.0,470664.0,192.0,2.2883333333333336,4.67,Q1,6690,163868.92,186.62,Very High,95.0,95.0,OpenAlex live API,yes,OpenAlex live data with automatic fallback enrichment.,General Research journal published by Elsevier BV.,2026-05-26 19:40:13
212,Journal of Clinical Medicine,N/A,2026,journal,OpenAlex Sources API,https://openalex.org/S2737969411,http://www.mdpi.com/journal/jcm,http://www.mdpi.com/journal/jcm,Rolling,Continuous,Continuous,rolling_journal,paid_oa,2400 CHF,True,Multidisciplinary Digital Publishing Institute,CH,2077-0383,"Cardiovascular Function and Risk Factors, COVID-19 Clinical Research Studies, Cardiac Valve Diseases and Treatments, Glaucoma and retinal disorders, Atrial Fibrillation Management and Outcomes, Retinal Diseases and Treatments, Long-Term Effects of COVID-19, Cardiac Imaging and Diagnostics",General Research,General Research,49979.0,641196.0,183.0,3.0784190411687873,4.66,Q1,6710,215810.62,186.58,Very High,95.0,95.0,OpenAlex live API,yes,OpenAlex live data with automatic fallback enrichment.,General Research journal published by Multidisciplinary Digital Publishing Institute.,2026-05-26 19:39:29
309,International Journal of Cardiology,N/A,2026,journal,OpenAlex Sources API,https://openalex.org/S13342628,http://www.elsevier.com/wps/find/journaldescription.cws_home/506041/description#,http://www.elsevier.com/wps/find/journaldescription.cws_home/506041/description#,Rolling,Continuous,Continuous,rolling_journal,subscription_or_unknown,3340 USD; 3050 EUR; 2670 GBP; 375280 JPY,False,Elsevier BV,NL,"0167-5273, 1874-1754","Cardiac Imaging and Diagnostics, Cardiovascular Function and Risk Factors, Coronary Interventions and Diagnostics, Atrial Fibrillation Management and Outcomes, Acute Myocardial Infarction Research, Cardiac Valve Diseases and Treatments, Cardiac electrophysiology and arrhythmias, Cardiac Arrhythmias and Treatments",General Research,General Research,39488.0,642370.0,189.0,2.113231024471174,4.63,Q1,7330,215665.46,185.34,Very High,95.0,95.0,OpenAlex live API,yes,OpenAlex live data with automatic fallback enrichment.,General Research journal published by Elsevier BV.,2026-05-26 19:39:50
372,ACS Omega,N/A,2026,journal,OpenAlex Sources API,https://openalex.org/S4210239500,https://pubs.acs.org/journal/acsodf,https://pubs.acs.org/journal/acsodf,Rolling,Continuous,Continuous,rolling_journal,paid_oa,1685 USD,True,American Chemical Society,US,2470-1343,"Hydrocarbon exploration and reservoir analysis, Advanced Photocatalysis Techniques, Advanced biosensing and bioanalysis techniques, Catalytic Processes in Materials Science, Conducting polymers and applications, Coal Properties and Utilization, Enhanced Oil Recovery Techniques, Hydraulic Fracturing and Reservoir Analysis",General Research,General Research,34787.0,563981.0,167.0,4.066230514498021,4.52,Q1,9585,189576.31,180.83,Very High,95.0,95.0,OpenAlex live API,yes,OpenAlex live data with automatic fallback enrichment.,General Research journal published by American Chemical Society.,2026-05-26 19:40:08
271,Nuclear Instruments and Methods in Physics Research Section B Beam Interactions with Materials and Atoms,N/A,2026,journal,OpenAlex Sources API,https://openalex.org/S113542562,https://www.journals.elsevier.com/nuclear-instruments-and-methods-in-physics-research-section-b-beam-interactions-with-materials-and-atoms,https://www.journals.elsevier.com/nuclear-instruments-and-methods-in-physics-research-section-b-beam-interactions-with-materials-and-atoms,Rolling,Continuous,Continuous,rolling_journal,subscription_or_unknown,2810 USD; 2560 EUR; 2250 GBP; 315730 JPY,False,Elsevier BV,NL,"0168-583X, 1872-9584","Ion-surface interactions and analysis, Nuclear Physics and Applications, X-ray Spectroscopy and Fluorescence Analysis, Electron and X-Ray Spectroscopy Techniques, Integrated Circuits and Semiconductor Failure Analysis, Atomic and Molecular Physics, Semiconductor materials and devices, Diamond and Carbon-based Materials Research",General Research,General Research,42326.0,561052.0,179.0,1.5542005420054201,4.49,Q1,10275,190525.91,179.45,Very High,95.0,95.0,OpenAlex live API,yes,OpenAlex live data with automatic fallback enrichment.,General Research journal published by Elsevier BV.,2026-05-26 19:39:42
190,International Journal of Rock Mechanics and Mining Sciences & Geomechanics Abstracts,N/A,2026,journal,OpenAlex Sources API,https://openalex.org/S25739708,https://www.journals.elsevier.com/international-journal-of-rock-mechanics-and-mining-sciences,https://www.journals.elsevier.com/international-journal-of-rock-mechanics-and-mining-sciences,Rolling,Continuous,Continuous,rolling_journal,subscription_or_unknown,Fee not available,False,Elsevier BV,GB,"0148-9062, 1879-2073","Geotechnical and Geomechanical Engineering, Tunneling and Rock Mechanics, Rock Mechanics and Modeling, Geotechnical Engineering and Underground Structures, Geotechnical Engineering and Analysis, Drilling and Well Engineering, Landslides and related hazards, Grouting, Rheology, and Soil Mechanics",General Research,General Research,52357.0,269171.0,207.0,0.0,4.48,Q1,10430,106687.0,179.14,Very High,95.0,95.0,OpenAlex live API,yes,OpenAlex live data with automatic fallback enrichment.,General Research journal published by Elsevier BV.,2026-05-26 19:39:18
322,physica status solidi (b),N/A,2026,journal,OpenAlex Sources API,https://openalex.org/S71689831,https://onlinelibrary.wiley.com/journal/15213951,https://onlinelibrary.wiley.com/journal/15213951,Rolling,Continuous,Continuous,rolling_journal,subscription_or_unknown,4020 USD; 2730 GBP; 3350 EUR,False,Wiley,DE,"0370-1972, 1521-3951","Semiconductor Quantum Structures and Devices, Solid-state spectroscopy and crystallography, Quantum and electron transport phenomena, Advanced Chemical Physics Studies, Physics of Superconductivity and Magnetism, Surface and Thin Film Phenomena, Chalcogenide Semiconductor Thin Films, Theoretical and Computational Physics",General Research,General Research,38545.0,487341.0,177.0,1.7080581241743724,4.47,Q1,10685,167842.2,178.63,Very High,95.0,95.0,OpenAlex live API,yes,OpenAlex live data with automatic fallback enrichment.,General Research journal published by Wiley.,2026-05-26 19:39:53
321,Bulletin of the Chemical Society of Japan,N/A,2026,journal,OpenAlex Sources API,https://openalex.org/S95305481,http://www.csj.jp/journals/bcsj/index.html,http://www.csj.jp/journals/bcsj/index.html,Rolling,Continuous,Continuous,rolling_journal,subscription_or_unknown,Fee not available,False,Oxford University Press,JP,"0009-2673, 1348-0634","Analytical Chemistry and Chromatography, Inorganic and Organometallic Chemistry, Photochemistry and Electron Transfer Studies, Metal complexes synthesis and properties, Magnetism in coordination complexes, Chemical Synthesis and Reactions, Electrochemical Analysis and Applications, Porphyrin and Phthalocyanine Chemistry",General Research,General Research,38586.0,604154.0,167.0,3.1091445427728615,4.46,Q1,10830,201960.26,178.34,Very High,95.0,95.0,OpenAlex live API,yes,OpenAlex live data with automatic fallback enrichment.,General Research journal published by Oxford University Press.,2026-05-26 19:39:53
194,Proceedings of the American Mathematical Society,N/A,2026,journal,OpenAlex Sources API,https://openalex.org/S4210226894,http://www.ams.org/proc,http://www.ams.org/proc,Rolling,Continuous,Continuous,rolling_journal,subscription_or_unknown,Fee not available,False,American Mathematical Society,US,"0002-9939, 1088-6826","Advanced Topics in Algebra, Advanced Topology and Set Theory, Advanced Banach Space Theory, Rings, Modules, and Algebras, Holomorphic and Operator Theory, Algebraic structures and combinatorial models, Mathematical Dynamics and Fractals, Homotopy and Cohomology in Algebraic Topology",General Research,General Research,52073.0,519685.0,172.0,1.7424684159378037,4.45,Q1,11085,178399.92,177.83,Very High,95.0,95.0,OpenAlex live API,yes,OpenAlex live data with automatic fallback enrichment.,General Research journal published by American Mathematical Society.,2026-05-26 19:39:20
358,Die Naturwissenschaften,N/A,2026,journal,OpenAlex Sources API,https://openalex.org/S44783556,https://www.springer.com/journal/114,https://www.springer.com/journal/114,Rolling,Continuous,Continuous,rolling_journal,subscription_or_unknown,Fee not available,False,Springer Science+Business Media,DE,"0028-1042, 1432-1904","Biomedical and Chemical Research, Physics and Engineering Research Articles, Plant and animal studies, Insect and Arachnid Ecology and Behavior, German Literature and Culture Studies, Engineering and Materials Science Studies, Insect and Pesticide Research, Psychology, Coaching, and Therapy",General Research,General Research,35321.0,410722.0,178.0,1.3542600896860986,4.44,Q1,11155,144616.41,177.69,Very High,95.0,95.0,OpenAlex live API,yes,OpenAlex live data with automatic fallback enrichment.,General Research journal published by Springer Science+Business Media.,2026-05-26 19:40:02
291,Physica B Condensed Matter,N/A,2026,journal,OpenAlex Sources API,https://openalex.org/S34296711,https://www.journals.elsevier.com/physica-b-condensed-matter,https://www.journals.elsevier.com/physica-b-condensed-matter,Rolling,Continuous,Continuous,rolling_journal,subscription_or_unknown,3040 USD; 2770 EUR; 2430 GBP; 341570 JPY,False,Elsevier BV,NL,"0921-4526, 1873-2135","Physics of Superconductivity and Magnetism, Rare-earth and actinide compounds, Advanced Condensed Matter Physics, Quantum and electron transport phenomena, Magnetic and transport properties of perovskites and related materials, Magnetic properties of thin films, Semiconductor Quantum Structures and Devices, Magnetic Properties of Alloys",General Research,General Research,40818.0,482024.0,156.0,3.428411214953271,4.36,Q1,12715,164460.42,174.57,Very High,95.0,95.0,OpenAlex live API,yes,OpenAlex live data with automatic fallback enrichment.,General Research journal published by Elsevier BV.,2026-05-26 19:39:47
338,Journal of Economic Entomology,N/A,2026,journal,OpenAlex Sources API,https://openalex.org/S146976949,https://academic.oup.com/jee,https://academic.oup.com/jee,Rolling,Continuous,Continuous,rolling_journal,subscription_or_unknown,3963 USD,False,Oxford University Press,GB,"0022-0493, 1938-291X","Insect-Plant Interactions and Control, Insect and Pesticide Research, Insect Pest Control Strategies, Insect behavior and control techniques, Insect Resistance and Genetics, Forest Insect Ecology and Management, Plant and animal studies, Entomopathogenic Microorganisms in Pest Control",General Research,General Research,36922.0,535515.0,163.0,1.9346246973365617,4.32,Q1,13575,180743.43,172.85,Very High,95.0,95.0,OpenAlex live API,yes,OpenAlex live data with automatic fallback enrichment.,General Research journal published by Oxford University Press.,2026-05-26 19:39:57
282,Materials Today Proceedings,N/A,2026,journal,OpenAlex Sources API,https://openalex.org/S2898407351,https://www.journals.elsevier.com/materials-today-proceedings,https://www.journals.elsevier.com/materials-today-proceedings,Rolling,Continuous,Continuous,rolling_journal,subscription_or_unknown,200 USD; 180 EUR; 160 GBP; 22470 JPY,False,Elsevier BV,NL,2214-7853,"Aluminum Alloys Composites Properties, Advanced machining processes and optimization, Advanced Machining and Optimization Techniques, Natural Fiber Reinforced Composites, Innovative concrete reinforcement materials, Concrete and Cement Materials Research, Advanced Surface Polishing Techniques, Additive Manufacturing and 3D Printing Technologies",General Research,General Research,41643.0,493137.0,144.0,4.35655737704918,4.3,Q1,13985,166723.23,172.03,Very High,95.0,95.0,OpenAlex live API,yes,OpenAlex live data with automatic fallback enrichment.,General Research journal published by Elsevier BV.,2026-05-26 19:39:45
235,Journal of the Association for Information Systems,N/A,2026,journal,OpenAlex Sources API,https://openalex.org/S30879505,http://aisel.aisnet.org/jais/,http://aisel.aisnet.org/jais/,Rolling,Continuous,Continuous,rolling_journal,subscription_or_unknown,Fee not available,False,Association for Information Systems,US,1536-9323,"Technology Adoption and User Behaviour, Information Technology Governance and Strategy, Big Data and Business Intelligence, Knowledge Management and Sharing, Digital Marketing and Social Media, Information Systems Theories and Implementation, Magnetic confinement fusion research, Business Process Modeling and Analysis",General Research,General Research,46896.0,283491.0,181.0,0.1882765211850908,4.29,Q1,14125,107846.31,171.75,Very High,95.0,95.0,OpenAlex live API,yes,OpenAlex live data with automatic fallback enrichment.,General Research journal published by Association for Information Systems.,2026-05-26 19:39:34
391,Journal of Visualized Experiments,N/A,2026,journal,OpenAlex Sources API,https://openalex.org/S199738284,http://www.jove.com/,http://www.jove.com/,Rolling,Continuous,Continuous,rolling_journal,subscription_or_unknown,Fee not available,False,MyJOVE,US,1940-087X,"3D Printing in Biomedical Research, Neuroscience and Neural Engineering, Pluripotent Stem Cells Research, CRISPR and Genetic Engineering, Cell Image Analysis Techniques, Neuroscience and Neuropharmacology Research, RNA Interference and Gene Delivery, Tissue Engineering and Regenerative Medicine",General Research,General Research,33555.0,297480.0,167.0,0.3111543062200957,4.22,Q1,15660,109315.06,168.68,Very High,95.0,95.0,OpenAlex live API,yes,OpenAlex live data with automatic fallback enrichment.,General Research journal published by MyJOVE.,2026-05-26 19:40:12
390,Physica Scripta,N/A,2026,journal,OpenAlex Sources API,https://openalex.org/S59012888,http://iopscience.iop.org/1402-4896,http://iopscience.iop.org/1402-4896,Rolling,Continuous,Continuous,rolling_journal,subscription_or_unknown,Fee not available,False,IOP Publishing,GB,"0031-8949, 1402-4896","Atomic and Molecular Physics, Advanced Chemical Physics Studies, Quantum Information and Cryptography, Nuclear physics research studies, Laser-induced spectroscopy and plasma, Nonlinear Waves and Solitons, Ionosphere and magnetosphere dynamics, Magnetic confinement fusion research",General Research,General Research,33687.0,354765.0,149.0,2.5920223932820154,4.2,Q1,15905,124827.8,168.19,Very High,95.0,95.0,OpenAlex live API,yes,OpenAlex live data with automatic fallback enrichment.,General Research journal published by IOP Publishing.,2026-05-26 19:40:12
185,Vacuum,N/A,2026,journal,OpenAlex Sources API,https://openalex.org/S86481247,https://www.journals.elsevier.com/vacuum,https://www.journals.elsevier.com/vacuum,Rolling,Continuous,Continuous,rolling_journal,subscription_or_unknown,2870 USD; 2620 EUR; 2300 GBP; 322470 JPY,False,Elsevier BV,GB,"0042-207X, 1879-2715","Metal and Thin Film Mechanics, Plasma Diagnostics and Applications, Semiconductor materials and devices, Ion-surface interactions and analysis, Electron and X-Ray Spectroscopy Techniques, Diamond and Carbon-based Materials Research, Scientific Measurement and Uncertainty Evaluation, Vacuum and Plasma Arcs",General Research,General Research,52858.0,312303.0,134.0,3.9080105633802815,4.18,Q1,16345,112572.1,167.31,Very High,95.0,95.0,OpenAlex live API,yes,OpenAlex live data with automatic fallback enrichment.,General Research journal published by Elsevier BV.,2026-05-26 19:39:17
198,Veterinary Record,N/A,2026,journal,OpenAlex Sources API,https://openalex.org/S23243006,https://bvajournals.onlinelibrary.wiley.com/journal/20427670,https://bvajournals.onlinelibrary.wiley.com/journal/20427670,Rolling,Continuous,Continuous,rolling_journal,subscription_or_unknown,3610 USD; 2840 GBP; 3250 EUR,False,Wiley,US,"0042-4900, 2042-7670","Veterinary Practice and Education Studies, Human-Animal Interaction Studies, Animal Disease Management and Epidemiology, Livestock and Poultry Management, Microbial infections and disease research, Vector-Borne Animal Diseases, Animal Nutrition and Physiology, Helminth infection and control",General Research,General Research,51529.0,393688.0,157.0,0.21012897137464612,4.16,Q1,16785,138969.81,166.43,Very High,95.0,95.0,OpenAlex live API,yes,OpenAlex live data with automatic fallback enrichment.,General Research journal published by Wiley.,2026-05-26 19:39:21
21,Journal of Physics Conference Series,N/A,2026,journal,OpenAlex Sources API,https://openalex.org/S4210187594,https://iopscience.iop.org/journal/1742-6596,https://iopscience.iop.org/journal/1742-6596,Rolling,Continuous,Continuous,rolling_journal,free_oa,Fee not available,True,IOP Publishing,GB,"1742-6588, 1742-6596","Particle physics theoretical and experimental studies, Quantum Chromodynamics and Particle Interactions, Atomic and Molecular Physics, Physics of Superconductivity and Magnetism, High-Energy Particle Collisions Research, STEM Education, Particle Detector Development and Performance, Mathematics Education and Pedagogy",General Research,General Research,215906.0,793399.0,132.0,0.4560206248104337,4.14,Q1,17115,272833.1,165.77,Very High,95.0,95.0,OpenAlex live API,yes,OpenAlex live data with automatic fallback enrichment.,General Research journal published by IOP Publishing.,2026-05-26 19:38:35
337,The Modern Language Review,N/A,2026,journal,OpenAlex Sources API,https://openalex.org/S93676754,http://www.mhra.org.uk/Publications/Journals/mlr.html,http://www.mhra.org.uk/Publications/Journals/mlr.html,Rolling,Continuous,Continuous,rolling_journal,subscription_or_unknown,Fee not available,False,Modern Humanities Research Association,Unknown,"0026-7937, 2222-4319","German Literature and Culture Studies, Historical and Literary Studies, Historical, Literary, and Cultural Studies, Medieval Literature and History, Historical and Literary Analyses, Renaissance Literature and Culture, Linguistics and language evolution, Medieval European Literature and History",General Research,General Research,37003.0,273893.0,174.0,0.010380622837370242,4.1,Q1,17900,103268.72,164.2,Very High,95.0,95.0,OpenAlex live API,yes,OpenAlex live data with automatic fallback enrichment.,General Research journal published by Modern Humanities Research Association.,2026-05-26 19:39:57
15,AIP conference proceedings,N/A,2026,journal,OpenAlex Sources API,https://openalex.org/S2764696622,https://pubs.aip.org/aip/acp/issue,https://pubs.aip.org/aip/acp/issue,Rolling,Continuous,Continuous,rolling_journal,subscription_or_unknown,Fee not available,False,American Institute of Physics,US,"0094-243X, 1551-7616, 1935-0465","Particle physics theoretical and experimental studies, Quantum Chromodynamics and Particle Interactions, Particle accelerators and beam dynamics, Nuclear Physics and Applications, Nuclear physics research studies, High-Energy Particle Collisions Research, Particle Accelerators and Free-Electron Lasers, Superconducting Materials and Applications",General Research,General Research,279219.0,666426.0,125.0,0.4404992852767,4.06,Q1,18715,240371.72,162.57,Very High,95.0,95.0,OpenAlex live API,yes,OpenAlex live data with automatic fallback enrichment.,General Research journal published by American Institute of Physics.,2026-05-26 19:38:34
57,Cureus,N/A,2026,journal,OpenAlex Sources API,https://openalex.org/S2738950867,https://www.cureus.com/,https://www.cureus.com/,Rolling,Continuous,Continuous,rolling_journal,free_oa,Fee not available,True,"Cureus, Inc.",US,2168-8184,"COVID-19 Clinical Research Studies, Gastrointestinal disorders and treatments, Spine and Intervertebral Disc Pathology, Orthopedic Surgery and Rehabilitation, Sarcoma Diagnosis and Treatment, Anesthesia and Pain Management, Shoulder Injury and Treatment, Venous Thromboembolism Diagnosis and Management",General Research,General Research,111048.0,408374.0,130.0,0.9857155076554615,4.06,Q1,18720,146666.29,162.56,Very High,95.0,95.0,OpenAlex live API,yes,OpenAlex live data with automatic fallback enrichment.,"General Research journal published by Cureus, Inc..",2026-05-26 19:38:44
121,IFAC Proceedings Volumes,N/A,2026,journal,OpenAlex Sources API,https://openalex.org/S2898246533,https://www.sciencedirect.com/journal/ifac-proceedings-volumes,https://www.sciencedirect.com/journal/ifac-proceedings-volumes,Rolling,Continuous,Continuous,rolling_journal,subscription_or_unknown,Fee not available,False,Elsevier BV,GB,"1474-6670, 2589-3653","Advanced Control Systems Optimization, Fault Detection and Control Systems, Control Systems and Identification, Adaptive Control of Nonlinear Systems, Stability and Control of Uncertain Systems, Iterative Learning Control Systems, Petri Nets in System Modeling, Advanced Control Systems Design",General Research,General Research,67275.0,357338.0,139.0,0.0,3.98,Q1,20360,127828.9,159.28,Very High,95.0,95.0,OpenAlex live API,yes,OpenAlex live data with automatic fallback enrichment.,General Research journal published by Elsevier BV.,2026-05-26 19:39:00
206,Southern Medical Journal,N/A,2026,journal,OpenAlex Sources API,https://openalex.org/S89143414,http://sma.org/smj,http://sma.org/smj,Rolling,Continuous,Continuous,rolling_journal,subscription_or_unknown,Fee not available,False,Lippincott Williams & Wilkins,US,"0038-4348, 1541-8243","Diverse Scientific and Economic Studies, Human auditory perception and evaluation, Earthquake and Disaster Impact Studies, Cardiac, Anesthesia and Surgical Outcomes, Gastrointestinal disorders and treatments, Medical and Biological Sciences, Medical History and Innovations, Urological Disorders and Treatments",General Research,General Research,50385.0,299236.0,130.0,0.49544072948328266,3.87,Q1,22600,107834.07,154.8,Very High,95.0,95.0,OpenAlex live API,yes,OpenAlex live data with automatic fallback enrichment.,General Research journal published by Lippincott Williams & Wilkins.,2026-05-26 19:39:28
344,Journal of Vision,N/A,2026,journal,OpenAlex Sources API,https://openalex.org/S137468011,http://journalofvision.org/,http://journalofvision.org/,Rolling,Continuous,Continuous,rolling_journal,paid_oa,1850 USD,True,Association for Research in Vision and Ophthalmology,US,1534-7362,"Visual perception and processing mechanisms, Neural and Behavioral Psychology Studies, Neural dynamics and brain function, Face Recognition and Perception, Visual Attention and Saliency Detection, Color perception and design, Color Science and Applications, Tactile and Sensory Interactions",General Research,General Research,36534.0,232977.0,177.0,0.3589100035855145,3.86,Q1,22865,91264.45,154.27,Very High,95.0,95.0,OpenAlex live API,yes,OpenAlex live data with automatic fallback enrichment.,General Research journal published by Association for Research in Vision and Ophthalmology.,2026-05-26 19:39:59
325,BDJ,N/A,2026,journal,OpenAlex Sources API,https://openalex.org/S176204532,https://www.nature.com/bdj/,https://www.nature.com/bdj/,Rolling,Continuous,Continuous,rolling_journal,subscription_or_unknown,3890 EUR; 4990 USD; 3390 GBP,False,Springer Nature,GB,"0007-0610, 1476-5373","Dental Education, Practice, Research, Dental Health and Care Utilization, Dental Research and COVID-19, Dental Anxiety and Anesthesia Techniques, Dental Radiography and Imaging, Oral microbiology and periodontitis research, Dental Implant Techniques and Outcomes, Dental materials and restorations",General Research,General Research,38080.0,253863.0,157.0,0.6053091163115613,3.81,Q1,23785,95697.17,152.43,Very High,95.0,95.0,OpenAlex live API,yes,OpenAlex live data with automatic fallback enrichment.,General Research journal published by Springer Nature.,2026-05-26 19:39:54
19,Socio-Environmental Systems Modeling,N/A,2026,journal,OpenAlex Sources API,https://openalex.org/S4210201231,https://library.wur.nl/ojs/index.php/sesmo/index,https://library.wur.nl/ojs/index.php/sesmo/index,Rolling,Continuous,Continuous,rolling_journal,free_oa,Fee not available,True,Unknown Publisher,Unknown,2663-3027,"Magnetic confinement fusion research, Energy, Environment, Agriculture Analysis, Environmental Conservation and Management, Particle accelerators and beam dynamics, Dutch Social and Cultural Studies, Fusion materials and technologies, Aging, Elder Care, and Social Issues, Health, Medicine and Society",General Research,General Research,217660.0,230604.0,151.0,0.028079710144927536,3.81,Q1,23890,106048.6,152.22,Very High,95.0,95.0,OpenAlex live API,yes,OpenAlex live data with automatic fallback enrichment.,General Research journal published by Unknown Publisher.,2026-05-26 19:38:35
350,The Quarterly Review of Biology,N/A,2026,journal,OpenAlex Sources API,https://openalex.org/S182717252,http://www.journals.uchicago.edu/qrb,http://www.journals.uchicago.edu/qrb,Rolling,Continuous,Continuous,rolling_journal,subscription_or_unknown,Fee not available,False,University of Chicago Press,US,"0033-5770, 1539-7718","Plant and animal studies, Photosynthetic Processes and Mechanisms, Evolution and Science Education, Evolution and Paleontology Studies, Philosophy and History of Science, Genetics, Bioinformatics, and Biomedical Research, Ecology and Vegetation Dynamics Studies, Animal Ecology and Behavior Studies",General Research,General Research,35979.0,188642.0,203.0,0.14705882352941177,3.8,Q1,24010,80497.85,151.98,Very High,95.0,95.0,OpenAlex live API,yes,OpenAlex live data with automatic fallback enrichment.,General Research journal published by University of Chicago Press.,2026-05-26 19:40:00
67,AJN American Journal of Nursing,N/A,2026,journal,OpenAlex Sources API,https://openalex.org/S187216704,http://journals.lww.com/ajnonline/pages/default.aspx,http://journals.lww.com/ajnonline/pages/default.aspx,Rolling,Continuous,Continuous,rolling_journal,subscription_or_unknown,Fee not available,False,Lippincott Williams & Wilkins,US,"0002-936X, 1538-7488","Nursing Education, Practice, and Leadership, Diverse Scientific and Economic Studies, Human auditory perception and evaluation, Disaster Response and Management, Educational Leadership and Practices, Earthquake and Disaster Impact Studies, Nursing Roles and Practices, Health and Well-being Studies",General Research,General Research,101702.0,223187.0,161.0,0.5610859728506787,3.78,Q1,24370,93254.35,151.26,Very High,95.0,95.0,OpenAlex live API,yes,OpenAlex live data with automatic fallback enrichment.,General Research journal published by Lippincott Williams & Wilkins.,2026-05-26 19:38:46
217,Zootaxa,N/A,2026,journal,OpenAlex Sources API,https://openalex.org/S171471881,http://www.mapress.com/zootaxa/,http://www.mapress.com/zootaxa/,Rolling,Continuous,Continuous,rolling_journal,subscription_or_unknown,Fee not available,False,Q15088586,NZ,"1175-5326, 1175-5334","Lepidoptera: Biology and Taxonomy, Plant and animal studies, Coleoptera Taxonomy and Distribution, Insect-Plant Interactions and Control, Marine Biology and Ecology Research, Hymenoptera taxonomy and phylogeny, Amphibian and Reptile Biology, Fossil Insects in Amber",General Research,General Research,49553.0,310257.0,120.0,0.554695388757994,3.77,Q1,24690,110060.13,150.62,Very High,95.0,95.0,OpenAlex live API,yes,OpenAlex live data with automatic fallback enrichment.,General Research journal published by Q15088586.,2026-05-26 19:39:30
98,Value in Health,N/A,2026,journal,OpenAlex Sources API,https://openalex.org/S678965,https://www.journals.elsevier.com/value-in-health,https://www.journals.elsevier.com/value-in-health,Rolling,Continuous,Continuous,rolling_journal,subscription_or_unknown,3200 USD; 2920 EUR; 2560 GBP; 359550 JPY,False,Elsevier BV,US,"1098-3015, 1524-4733","Health Systems, Economic Evaluations, Quality of Life, Pharmaceutical Economics and Policy, Economic and Financial Impacts of Cancer, Medication Adherence and Compliance, Pharmaceutical studies and practices, Healthcare Policy and Management, Pharmaceutical Practices and Patient Outcomes, Biosimilars and Bioanalytical Methods",General Research,General Research,78028.0,217522.0,168.0,0.27328753283491614,3.74,Q1,25260,89873.06,149.48,Very High,95.0,95.0,OpenAlex live API,yes,OpenAlex live data with automatic fallback enrichment.,General Research journal published by Elsevier BV.,2026-05-26 19:38:53
97,Acta Horticulturae,N/A,2026,journal,OpenAlex Sources API,https://openalex.org/S4210196743,http://www.actahort.org/books/bynumber/bynumber-49-1.htm,http://www.actahort.org/books/bynumber/bynumber-49-1.htm,Rolling,Continuous,Continuous,rolling_journal,subscription_or_unknown,Fee not available,False,International Society for Horticultural Science,Unknown,"0567-7572, 2406-6168","Plant Physiology and Cultivation Studies, Horticultural and Viticultural Research, Postharvest Quality and Shelf Life Management, Flowering Plant Growth and Cultivation, Plant Pathogens and Fungal Diseases, Banana Cultivation and Research, Greenhouse Technology and Climate Control, Berry genetics and cultivation research",General Research,General Research,78183.0,391071.0,96.0,0.26852659110723626,3.55,Q1,29090,134753.03,141.82,Very High,95.0,95.0,OpenAlex live API,yes,OpenAlex live data with automatic fallback enrichment.,General Research journal published by International Society for Horticultural Science.,2026-05-26 19:38:53
4,ChemInform,N/A,2026,journal,OpenAlex Sources API,https://openalex.org/S41354064,http://www.cheminform.com/journal,http://www.cheminform.com/journal,Rolling,Continuous,Continuous,rolling_journal,subscription_or_unknown,Fee not available,False,Wiley,DE,"0931-7597, 1431-5890, 1522-2667","Asymmetric Synthesis and Catalysis, Synthetic Organic Chemistry Methods, Chemical Synthesis and Reactions, Chemical Synthesis and Analysis, Synthesis and Biological Evaluation, Oxidative Organic Chemistry Reactions, Catalytic C–H Functionalization Methods, Asymmetric Hydrogenation and Catalysis",General Research,General Research,487744.0,205888.0,133.0,0.0,3.42,Q1,31690,123840.8,136.62,Very High,95.0,95.0,OpenAlex live API,yes,OpenAlex live data with automatic fallback enrichment.,General Research journal published by Wiley.,2026-05-26 19:38:31
359,European Neuropsychopharmacology,N/A,2026,journal,OpenAlex Sources API,https://openalex.org/S168041952,https://www.journals.elsevier.com/european-neuropsychopharmacology,https://www.journals.elsevier.com/european-neuropsychopharmacology,Rolling,Continuous,Continuous,rolling_journal,subscription_or_unknown,3000 USD; 2740 EUR; 2400 GBP; 337080 JPY,False,Elsevier BV,NL,"0924-977X, 1873-7862","Schizophrenia research and treatment, Treatment of Major Depression, Bipolar Disorder and Treatment, Tryptophan and brain disorders, Neurotransmitter Receptor Influence on Behavior, Neuroscience and Neuropharmacology Research, Stress Responses and Cortisol, Attention Deficit Hyperactivity Disorder",General Research,General Research,35315.0,187596.0,157.0,1.1011560693641618,3.34,Q1,33120,75565.36,133.76,Very High,95.0,95.0,OpenAlex live API,yes,OpenAlex live data with automatic fallback enrichment.,General Research journal published by Elsevier BV.,2026-05-26 19:40:03
336,Antarctica A Keystone in a Changing World,N/A,2026,journal,OpenAlex Sources API,https://openalex.org/S4210194219,http://rzblx1.uni-regensburg.de/ezeit/warpto.phtml?colors=7&jour_id=120234,http://rzblx1.uni-regensburg.de/ezeit/warpto.phtml?colors=7&jour_id=120234,Rolling,Continuous,Continuous,rolling_journal,free_oa,Fee not available,True,United States Department of the Interior,US,"0196-1497, 2331-1258, 2332-4899","Water Quality and Resources Studies, Archaeology and Natural History, Geochemistry and Geologic Mapping, Geology and Paleoclimatology Research, Botany, Ecology, and Taxonomy Studies, Groundwater flow and contamination studies, Geological Studies and Exploration, Hydrology and Watershed Management Studies",General Research,General Research,37012.0,205769.0,143.0,1.0769230769230769,3.33,Q1,33495,79785.75,133.01,Very High,95.0,95.0,OpenAlex live API,yes,OpenAlex live data with automatic fallback enrichment.,General Research journal published by United States Department of the Interior.,2026-05-26 19:39:57
41,Advanced materials research,N/A,2026,journal,OpenAlex Sources API,https://openalex.org/S67425620,https://openalex.org/S67425620,https://openalex.org/S67425620,Rolling,Continuous,Continuous,rolling_journal,subscription_or_unknown,Fee not available,False,Trans Tech Publications,CH,"1022-6680, 1662-8985","Industrial Technology and Control Systems, Metallurgy and Material Forming, Advanced machining processes and optimization, Advanced Surface Polishing Techniques, Advanced Sensor and Control Systems, Geomechanics and Mining Engineering, Advanced Algorithms and Applications, Aluminum Alloys Composites Properties",General Research,General Research,149637.0,253488.0,62.0,4.587837837837838,3.32,Q1,33665,97439.49,132.67,Very High,95.0,95.0,OpenAlex live API,yes,OpenAlex live data with automatic fallback enrichment.,General Research journal published by Trans Tech Publications.,2026-05-26 19:38:40
83,SpringerReference,N/A,2026,journal,OpenAlex Sources API,https://openalex.org/S4363604060,https://openalex.org/S4363604060,https://openalex.org/S4363604060,Rolling,Continuous,Continuous,rolling_journal,subscription_or_unknown,Fee not available,False,Unknown Publisher,Unknown,Unknown,"Chemistry and Stereochemistry Studies, Chemical Thermodynamics and Molecular Structure, Scientific Measurement and Uncertainty Evaluation, History and Developments in Astronomy, Botany, Ecology, and Taxonomy Studies, Advanced Database Systems and Queries, Sensor Technology and Measurement Systems, Copper Interconnects and Reliability",General Research,General Research,85768.0,183470.0,150.0,0.0,3.28,Q1,34440,78617.8,131.12,Very High,95.0,95.0,OpenAlex live API,yes,OpenAlex live data with automatic fallback enrichment.,General Research journal published by Unknown Publisher.,2026-05-26 19:38:50
106,MRS Proceedings,N/A,2026,journal,OpenAlex Sources API,https://openalex.org/S2530005873,http://journals.cambridge.org/OPL,http://journals.cambridge.org/OPL,Rolling,Continuous,Continuous,rolling_journal,subscription_or_unknown,Fee not available,False,Cambridge University Press,GB,"0272-9172, 1946-4274","Semiconductor materials and devices, Thin-Film Transistor Technologies, Silicon and Solar Cell Technologies, Semiconductor materials and interfaces, Metal and Thin Film Mechanics, Silicon Nanostructures and Photoluminescence, Semiconductor Quantum Structures and Devices, Ion-surface interactions and analysis",General Research,General Research,71045.0,262167.0,90.0,0.0,3.16,Q1,36875,94754.6,126.25,Very High,95.0,95.0,OpenAlex live API,yes,OpenAlex live data with automatic fallback enrichment.,General Research journal published by Cambridge University Press.,2026-05-26 19:38:54
78,DMW - Deutsche Medizinische Wochenschrift,N/A,2026,journal,OpenAlex Sources API,https://openalex.org/S38943393,http://www.thieme.de/dmw/,http://www.thieme.de/dmw/,Rolling,Continuous,Continuous,rolling_journal,subscription_or_unknown,Fee not available,False,Thieme Medical Publishers (Germany),DE,"0012-0472, 1439-4413","Medical and Health Sciences Research, Health and Medical Studies, Primary Care and Health Outcomes, Healthcare Policy and Management, Biomedical and Chemical Research, Medical Practices and Rehabilitation, Medical History and Research, Urticaria and Related Conditions",General Research,General Research,91152.0,235687.0,93.0,0.24194952132288947,3.06,Q1,38800,89133.4,122.4,Very High,95.0,95.0,OpenAlex live API,yes,OpenAlex live data with automatic fallback enrichment.,General Research journal published by Thieme Medical Publishers (Germany).,2026-05-26 19:38:49
311,European Psychiatry,N/A,2026,journal,OpenAlex Sources API,https://openalex.org/S87202501,https://www.cambridge.org/core/journals/european-psychiatry,https://www.cambridge.org/core/journals/european-psychiatry,Rolling,Continuous,Continuous,rolling_journal,paid_oa,2200 EUR,True,Cambridge University Press,GB,"0924-9338, 1778-3585","Schizophrenia research and treatment, Mental Health and Psychiatry, Bipolar Disorder and Treatment, Mental Health Treatment and Access, Child and Adolescent Psychosocial and Emotional Development, Attention Deficit Hyperactivity Disorder, Treatment of Major Depression, Psychosomatic Disorders and Their Treatments",General Research,General Research,39470.0,167633.0,142.0,0.3934130385743289,2.98,Q2,40340,68456.57,119.32,High,95.0,95.0,OpenAlex live API,yes,OpenAlex live data with automatic fallback enrichment.,General Research journal published by Cambridge University Press.,2026-05-26 19:39:51
54,Applied Mechanics and Materials,N/A,2026,journal,OpenAlex Sources API,https://openalex.org/S128754310,http://www.scientific.net/1660-9336,http://www.scientific.net/1660-9336,Rolling,Continuous,Continuous,rolling_journal,subscription_or_unknown,Fee not available,False,Trans Tech Publications,CH,"1660-9336, 1662-7482, 2297-8941","Advanced Sensor and Control Systems, Industrial Technology and Control Systems, Advanced Algorithms and Applications, Simulation and Modeling Applications, Advanced Computational Techniques and Applications, Manufacturing Process and Optimization, Civil and Geotechnical Engineering Research, Advanced machining processes and optimization",General Research,General Research,115389.0,183906.0,57.0,8.82084690553746,2.97,Q2,40590,72851.74,118.82,High,95.0,95.0,OpenAlex live API,yes,OpenAlex live data with automatic fallback enrichment.,General Research journal published by Trans Tech Publications.,2026-05-26 19:38:43
34,Time to knit,N/A,2026,journal,OpenAlex Sources API,https://openalex.org/S4210212300,https://openalex.org/S4210212300,https://openalex.org/S4210212300,Rolling,Continuous,Continuous,rolling_journal,subscription_or_unknown,Fee not available,False,Japan Neurosurgical Society,CA,0849-6757,"Health, Medicine and Society, Aging, Elder Care, and Social Issues, Hermeneutics and Narrative Identity, Diverse Scientific and Economic Studies, Marine and fisheries research, Solid-state spectroscopy and crystallography, Muon and positron interactions and applications, Geology and Paleoclimatology Research",General Research,General Research,159547.0,147880.0,132.0,0.0,2.97,Q2,40620,73518.7,118.76,High,95.0,95.0,OpenAlex live API,yes,OpenAlex live data with automatic fallback enrichment.,General Research journal published by Japan Neurosurgical Society.,2026-05-26 19:38:38
363,World Literature Today,N/A,2026,journal,OpenAlex Sources API,https://openalex.org/S12279879,http://www.worldliteraturetoday.org,http://www.worldliteraturetoday.org,Rolling,Continuous,Continuous,rolling_journal,subscription_or_unknown,Fee not available,False,University of Oklahoma,US,"0196-3570, 1945-8134","German Literature and Culture Studies, Poetry Analysis and Criticism, French Urban and Social Studies, Themes in Literature Analysis, Postcolonial and Cultural Literary Studies, Comparative Literary Analysis and Criticism, Literature and Cultural Memory, Educational Leadership and Practices",General Research,General Research,35251.0,162722.0,140.0,0.015047879616963064,2.88,Q2,42305,66342.45,115.39,High,95.0,95.0,OpenAlex live API,yes,OpenAlex live data with automatic fallback enrichment.,General Research journal published by University of Oklahoma.,2026-05-26 19:40:06
9,Notes and Queries,N/A,2026,journal,OpenAlex Sources API,https://openalex.org/S128516502,http://nq.oxfordjournals.org/,http://nq.oxfordjournals.org/,Rolling,Continuous,Continuous,rolling_journal,subscription_or_unknown,3018 USD,False,Oxford University Press,GB,"0029-3970, 1471-6941","Diverse Scientific and Economic Studies, Legal case studies and regulations, Scottish History and National Identity, Financial Crisis of the 21st Century, Historical Economic and Social Studies, Human auditory perception and evaluation, Australian History and Society, Musicology and Musical Analysis",General Research,General Research,341782.0,126220.0,125.0,0.027989821882951654,2.73,Q2,45400,84545.6,109.2,High,95.0,95.0,OpenAlex live API,yes,OpenAlex live data with automatic fallback enrichment.,General Research journal published by Oxford University Press.,2026-05-26 19:38:32
247,Books Abroad,N/A,2026,journal,OpenAlex Sources API,https://openalex.org/S4210172978,http://books.google.com/books?id=hpsJAAAAIAAJ,http://books.google.com/books?id=hpsJAAAAIAAJ,Rolling,Continuous,Continuous,rolling_journal,subscription_or_unknown,Fee not available,False,University of Oklahoma,US,"0006-7431, 2327-1302","German Literature and Culture Studies, French Urban and Social Studies, Spanish Literature and Culture Studies, Historical, Literary, and Cultural Studies, Historical and Literary Analyses, Comparative Literary Analysis and Criticism, Historical and Literary Studies, Psychoanalysis and Psychopathology Research",General Research,General Research,45652.0,137629.0,133.0,0.0,2.64,Q2,47150,59153.9,105.7,High,95.0,95.0,OpenAlex live API,yes,OpenAlex live data with automatic fallback enrichment.,General Research journal published by University of Oklahoma.,2026-05-26 19:39:36
238,Fuel and Energy Abstracts,N/A,2026,journal,OpenAlex Sources API,https://openalex.org/S133353349,https://www.journals.elsevier.com/fuel-and-energy-abstracts,https://www.journals.elsevier.com/fuel-and-energy-abstracts,Rolling,Continuous,Continuous,rolling_journal,subscription_or_unknown,Fee not available,False,Elsevier BV,GB,"0140-6701, 1873-7161","Coal and Coke Industries Research, Coal Combustion and Slurry Processing, Thermochemical Biomass Conversion Processes, Iron and Steelmaking Processes, Catalytic Processes in Materials Science, Recycling and Waste Management Techniques, Coal Properties and Utilization, Catalysts for Methane Reforming",General Research,General Research,46587.0,113136.0,138.0,0.02857142857142857,2.52,Q2,49605,52400.93,100.79,High,95.0,95.0,OpenAlex live API,yes,OpenAlex live data with automatic fallback enrichment.,General Research journal published by Elsevier BV.,2026-05-26 19:39:34
249,ENLIGHTEN (Jurnal Bimbingan dan Konseling Islam),N/A,2026,journal,OpenAlex Sources API,https://openalex.org/S4210235606,https://journal.iainlangsa.ac.id/index.php/enlighten,https://journal.iainlangsa.ac.id/index.php/enlighten,Rolling,Continuous,Continuous,rolling_journal,free_oa,Fee not available,True,Unknown Publisher,ID,"2622-8912, 2622-8920","Magnetic confinement fusion research, Particle accelerators and beam dynamics, Scottish History and National Identity, Fusion materials and technologies, Historical Studies of British Isles, Diverse Scientific and Economic Studies, Education Systems and Policy, Superconducting Materials and Applications",General Research,General Research,45572.0,111727.0,103.0,5.3919821826280625,2.51,Q2,49700,48644.9,100.6,High,95.0,95.0,OpenAlex live API,yes,OpenAlex live data with automatic fallback enrichment.,General Research journal published by Unknown Publisher.,2026-05-26 19:39:36
334,Proceedings of the Royal Society of Medicine,N/A,2026,journal,OpenAlex Sources API,https://openalex.org/S4210201558,https://www.sagepub.com/en-us/nam/journal-of-the-royal-society-of-medicine/journal202191,https://www.sagepub.com/en-us/nam/journal-of-the-royal-society-of-medicine/journal202191,Rolling,Continuous,Continuous,rolling_journal,subscription_or_unknown,Fee not available,False,SAGE Publishing,GB,0035-9157,"Infectious Diseases and Tuberculosis, Medical Research and Treatments, Tracheal and airway disorders, Tumors and Oncological Cases, Head and Neck Surgical Oncology, Cancer and Skin Lesions, Hematological disorders and diagnostics, Oral and Maxillofacial Pathology",General Research,General Research,37293.0,121286.0,101.0,4.0,2.44,Q2,51215,50415.1,97.57,High,95.0,95.0,OpenAlex live API,yes,OpenAlex live data with automatic fallback enrichment.,General Research journal published by SAGE Publishing.,2026-05-26 19:39:56
90,Työväentutkimus Vuosikirja,N/A,2026,journal,OpenAlex Sources API,https://openalex.org/S4210213322,https://helda.helsinki.fi/handle/10138/154826,https://helda.helsinki.fi/handle/10138/154826,Rolling,Continuous,Continuous,rolling_journal,free_oa,Fee not available,True,Unknown Publisher,FI,"0784-1272, 1459-7780","Research in Social Sciences, Magnetic confinement fusion research, Particle accelerators and beam dynamics, Fusion materials and technologies, Plasma Diagnostics and Applications, Superconducting Materials and Applications, Diverse Scientific and Economic Studies, Social and Educational Sciences",General Research,General Research,82956.0,73067.0,79.0,22.47924528301887,2.39,Q2,52115,39239.66,95.77,High,95.0,95.0,OpenAlex live API,yes,OpenAlex live data with automatic fallback enrichment.,General Research journal published by Unknown Publisher.,2026-05-26 19:38:51
32,Chemical & Engineering News,N/A,2026,journal,OpenAlex Sources API,https://openalex.org/S4210207877,http://pubs.acs.org/journal/cenear,http://pubs.acs.org/journal/cenear,Rolling,Continuous,Continuous,rolling_journal,subscription_or_unknown,Fee not available,False,American Chemical Society,US,2157-4936,"Chemistry and Chemical Engineering, History and advancements in chemistry, Various Chemistry Research Topics, Chemical Safety and Risk Management, Academic Writing and Publishing, scientometrics and bibliometrics research, Science and Science Education, Twentieth Century Scientific Developments",General Research,General Research,161224.0,101893.0,104.0,0.0,2.31,Q2,53815,57090.3,92.37,High,95.0,95.0,OpenAlex live API,yes,OpenAlex live data with automatic fallback enrichment.,General Research journal published by American Chemical Society.,2026-05-26 19:38:38
222,Archiv der Pharmazie,N/A,2026,journal,OpenAlex Sources API,https://openalex.org/S174911965,https://onlinelibrary.wiley.com/journal/15214184,https://onlinelibrary.wiley.com/journal/15214184,Rolling,Continuous,Continuous,rolling_journal,subscription_or_unknown,3140 USD; 2110 GBP; 2630 EUR,False,Wiley,DE,"0365-6233, 1521-4184","Chemical synthesis and alkaloids, Plant-based Medicinal Research, Steroid Chemistry and Biochemistry, Botanical Research and Chemistry, Phenothiazines and Benzothiazines Synthesis and Activities, Complementary and Alternative Medicine Studies, Biomedical and Chemical Research, Chemical Reactions and Mechanisms",General Research,General Research,49083.0,123926.0,85.0,3.3477537437603995,2.26,Q2,54810,50753.49,90.38,High,95.0,95.0,OpenAlex live API,yes,OpenAlex live data with automatic fallback enrichment.,General Research journal published by Wiley.,2026-05-26 19:39:31
2,The Journal of the Abraham Lincoln Association,N/A,2026,journal,OpenAlex Sources API,https://openalex.org/S2764988245,http://quod.lib.umich.edu/j/jala/2629860.*,http://quod.lib.umich.edu/j/jala/2629860.*,Rolling,Continuous,Continuous,rolling_journal,subscription_or_unknown,Fee not available,False,Abraham Lincoln Association,US,"0898-4212, 1945-7987","Magnetic confinement fusion research, Particle accelerators and beam dynamics, Fusion materials and technologies, Superconducting Materials and Applications, Diverse Scientific and Economic Studies, Plasma Diagnostics and Applications, Particle Detector Development and Performance, Cell Image Analysis Techniques",General Research,General Research,3541957.0,85609.0,104.0,0.03636363636363636,2.19,Q2,56205,390280.22,87.59,High,95.0,95.0,OpenAlex live API,yes,OpenAlex live data with automatic fallback enrichment.,General Research journal published by Abraham Lincoln Association.,2026-05-26 19:38:31
139,E3S Web of Conferences,N/A,2026,journal,OpenAlex Sources API,https://openalex.org/S4210186093,http://www.e3s-conferences.org/,http://www.e3s-conferences.org/,Rolling,Continuous,Continuous,rolling_journal,free_oa,Fee not available,True,EDP Sciences,FR,"2267-1242, 2555-0403","Industrial Engineering and Technologies, Building Energy and Comfort Optimization, Engineering and Environmental Studies, Mining and Gasification Technologies, Economic and Technological Systems Analysis, Geotechnical and Geomechanical Engineering, Engineering and Agricultural Innovations, Construction Management and Sustainability",General Research,General Research,61159.0,155951.0,59.0,0.9508858965272856,2.06,Q2,58850,58848.74,82.3,High,95.0,95.0,OpenAlex live API,yes,OpenAlex live data with automatic fallback enrichment.,General Research journal published by EDP Sciences.,2026-05-26 19:39:05
68,Nursing Standard,N/A,2026,journal,OpenAlex Sources API,https://openalex.org/S36000085,https://rcni.com/nursing-standard,https://rcni.com/nursing-standard,Rolling,Continuous,Continuous,rolling_journal,subscription_or_unknown,Fee not available,False,Royal College of Nursing,GB,"0029-6570, 2047-9018","Healthcare Systems and Challenges, Health Services Management and Policy, Nursing Education, Practice, and Leadership, Nursing Roles and Practices, Global Health Workforce Issues, Science, Research, and Medicine, Biotechnology and Related Fields, Primary Care and Health Outcomes",General Research,General Research,100089.0,105685.0,84.0,0.23224852071005916,2.01,Q2,59895,50126.01,80.21,High,95.0,95.0,OpenAlex live API,yes,OpenAlex live data with automatic fallback enrichment.,General Research journal published by Royal College of Nursing.,2026-05-26 19:38:47
396,BMJ Case Reports,N/A,2026,journal,OpenAlex Sources API,https://openalex.org/S141953298,https://casereports.bmj.com/,https://casereports.bmj.com/,Rolling,Continuous,Continuous,rolling_journal,subscription_or_unknown,Fee not available,False,BMJ,GB,1757-790X,"Infectious Diseases and Tuberculosis, Gastrointestinal disorders and treatments, Tracheal and airway disorders, Infective Endocarditis Diagnosis and Management, Sarcoma Diagnosis and Treatment, Streptococcal Infections and Treatments, Cardiac tumors and thrombi, Esophageal and GI Pathology",General Research,General Research,33349.0,162508.0,57.0,0.515207801253773,1.98,Q2,60360,57813.06,79.28,High,95.0,95.0,OpenAlex live API,yes,OpenAlex live data with automatic fallback enrichment.,General Research journal published by BMJ.,2026-05-26 19:40:13
398,Chemie Ingenieur Technik,N/A,2026,journal,OpenAlex Sources API,https://openalex.org/S125795645,https://onlinelibrary.wiley.com/journal/15222640,https://onlinelibrary.wiley.com/journal/15222640,Rolling,Continuous,Continuous,rolling_journal,subscription_or_unknown,3660 USD; 2420 GBP; 3040 EUR,False,Wiley,DE,"0009-286X, 1522-2640","Physics and Engineering Research Articles, Chemistry and Chemical Engineering, Engineering and Materials Science Studies, Process Optimization and Integration, Innovative Microfluidic and Catalytic Techniques Innovation, Extraction and Separation Processes, Catalytic Processes in Materials Science, Flexible and Reconfigurable Manufacturing Systems",General Research,General Research,33325.0,107939.0,88.0,1.169603524229075,1.97,Q2,60590,44572.68,78.82,High,95.0,95.0,OpenAlex live API,yes,OpenAlex live data with automatic fallback enrichment.,General Research journal published by Wiley.,2026-05-26 19:40:14
196,The English Historical Review,N/A,2026,journal,OpenAlex Sources API,https://openalex.org/S56601287,http://ehr.oxfordjournals.org/,http://ehr.oxfordjournals.org/,Rolling,Continuous,Continuous,rolling_journal,subscription_or_unknown,2808 GBP,False,Oxford University Press,GB,"0013-8266, 1477-4534","Financial Crisis of the 21st Century, Human auditory perception and evaluation, Historical Economic and Social Studies, Scottish History and National Identity, Legal case studies and regulations, Political and Economic history of UK and US, Reformation and Early Modern Christianity, Medieval Literature and History",General Research,General Research,51641.0,83918.0,103.0,0.08892617449664429,1.92,Q2,61520,40643.95,76.96,High,95.0,95.0,OpenAlex live API,yes,OpenAlex live data with automatic fallback enrichment.,General Research journal published by Oxford University Press.,2026-05-26 19:39:21
129,Academy of Management Proceedings,N/A,2026,journal,OpenAlex Sources API,https://openalex.org/S4210223487,http://web.ebscohost.com/ehost/detail?sid=88023fdf-1f4c-49cd-aebd-05d2088a3592%40sessionmgr11&vid=4&hid=7&bdata=JnNpdGU9ZWhvc3QtbGl2ZSZzY29wZT1zaXRl#db=bth&jid=BD9Z,http://web.ebscohost.com/ehost/detail?sid=88023fdf-1f4c-49cd-aebd-05d2088a3592%40sessionmgr11&vid=4&hid=7&bdata=JnNpdGU9ZWhvc3QtbGl2ZSZzY29wZT1zaXRl#db=bth&jid=BD9Z,Rolling,Continuous,Continuous,rolling_journal,subscription_or_unknown,Fee not available,False,Academy of Management,US,2151-6561,"Job Satisfaction and Organizational Behavior, Entrepreneurship Studies and Influences, Innovation and Knowledge Management, Management and Organizational Studies, Corporate Finance and Governance, Gender Diversity and Inequality, Business Strategy and Innovation, Family Business Performance and Succession",General Research,General Research,64106.0,90242.0,88.0,0.06521935775667119,1.83,Q2,63360,42286.46,73.28,High,95.0,95.0,OpenAlex live API,yes,OpenAlex live data with automatic fallback enrichment.,General Research journal published by Academy of Management.,2026-05-26 19:39:02
383,Contemporary Psychology,N/A,2026,journal,OpenAlex Sources API,https://openalex.org/S2765073098,http://www.apa.org/pubs/databases/psyccritiques/index.aspx,http://www.apa.org/pubs/databases/psyccritiques/index.aspx,Rolling,Continuous,Continuous,rolling_journal,subscription_or_unknown,Fee not available,False,American Psychological Association,US,0010-7549,"Academic and Historical Perspectives in Psychology, Educational Leadership and Practices, Psychotherapy Techniques and Applications, Early Childhood Education and Development, Child Therapy and Development, Educational and Psychological Assessments, Counseling Practices and Supervision, Neuroscience, Education and Cognitive Function",General Research,General Research,34030.0,73010.0,98.0,0.0,1.74,Q3,65295,35106.0,69.41,Medium,95.0,95.0,OpenAlex live API,yes,OpenAlex live data with automatic fallback enrichment.,General Research journal published by American Psychological Association.,2026-05-26 19:40:11
114,View,N/A,2026,journal,OpenAlex Sources API,https://openalex.org/S4210197018,https://onlinelibrary.wiley.com/journal/2688268x,https://onlinelibrary.wiley.com/journal/2688268x,Rolling,Continuous,Continuous,rolling_journal,paid_oa,4000 USD,True,Wiley,CN,"2688-268X, 2688-3988","Magnetic confinement fusion research, Particle accelerators and beam dynamics, Fusion materials and technologies, Superconducting Materials and Applications, Diverse Scientific and Economic Studies, Prenatal Screening and Diagnostics, Aging, Elder Care, and Social Issues, Health, Medicine and Society",General Research,General Research,69340.0,60948.0,94.0,0.2551150895140665,1.71,Q3,65860,34631.16,68.28,Medium,95.0,95.0,OpenAlex live API,yes,OpenAlex live data with automatic fallback enrichment.,General Research journal published by Wiley.,2026-05-26 19:38:58
58,Definitions,N/A,2026,journal,OpenAlex Sources API,https://openalex.org/S4363604056,https://openalex.org/S4363604056,https://openalex.org/S4363604056,Rolling,Continuous,Continuous,rolling_journal,subscription_or_unknown,Fee not available,False,Unknown Publisher,Unknown,Unknown,"Diverse Scientific and Economic Studies, Sarcoma Diagnosis and Treatment, Metabolism and Genetic Disorders, Chronic Lymphocytic Leukemia Research, Cancer Treatment and Pharmacology, Cell Adhesion Molecules Research, Cancer Diagnosis and Treatment, Monoclonal and Polyclonal Antibodies Research",General Research,General Research,109356.0,61493.0,82.0,0.13966225467822913,1.67,Q3,66650,37590.48,66.7,Medium,95.0,95.0,OpenAlex live API,yes,OpenAlex live data with automatic fallback enrichment.,General Research journal published by Unknown Publisher.,2026-05-26 19:38:44
319,Russian Chemical Bulletin,N/A,2026,journal,OpenAlex Sources API,https://openalex.org/S114185612,https://www.springer.com/journal/11172,https://www.springer.com/journal/11172,Rolling,Continuous,Continuous,rolling_journal,subscription_or_unknown,Fee not available,False,Springer Science+Business Media,NL,"1066-5285, 1573-9171","Inorganic and Organometallic Chemistry, Fluorine in Organic Chemistry, Synthesis and Reactions of Organic Compounds, Analytical Chemistry and Chromatography, Synthesis and Reactivity of Sulfur-Containing Compounds, Organophosphorus compounds synthesis, Chemical Reaction Mechanisms, Synthesis and Characterization of Heterocyclic Compounds",General Research,General Research,38692.0,109968.0,57.0,1.2586826347305389,1.66,Q3,66855,42622.53,66.29,Medium,95.0,95.0,OpenAlex live API,yes,OpenAlex live data with automatic fallback enrichment.,General Research journal published by Springer Science+Business Media.,2026-05-26 19:39:53
35,Journal of International Crisis and Risk Communication Research,N/A,2026,journal,OpenAlex Sources API,https://openalex.org/S4210172555,https://stars.library.ucf.edu/jicrcr/,https://stars.library.ucf.edu/jicrcr/,Rolling,Continuous,Continuous,rolling_journal,free_oa,Fee not available,True,Unknown Publisher,US,"2576-0017, 2576-0025","Diverse Scientific and Economic Studies, Magnetic confinement fusion research, Academic and Historical Perspectives in Psychology, History and Developments in Astronomy, Legal case studies and regulations, Legal Cases and Commentary, Particle accelerators and beam dynamics, Medical History and Innovations",General Research,General Research,159376.0,51882.0,77.0,0.022637536193735194,1.63,Q3,67360,39203.33,65.28,Medium,95.0,95.0,OpenAlex live API,yes,OpenAlex live data with automatic fallback enrichment.,General Research journal published by Unknown Publisher.,2026-05-26 19:38:39
370,Acta Physica Sinica,N/A,2026,journal,OpenAlex Sources API,https://openalex.org/S950076683,http://wulixb.iphy.ac.cn/EN/volumn/home.shtml,http://wulixb.iphy.ac.cn/EN/volumn/home.shtml,Rolling,Continuous,Continuous,rolling_journal,free_oa,Fee not available,True,Science Press,CN,1000-3290,"Photonic and Optical Devices, Advanced Fiber Laser Technologies, Laser-Matter Interactions and Applications, Laser Design and Applications, Quantum Information and Cryptography, Quantum optics and atomic interactions, Chaos control and synchronization, Cold Atom Physics and Bose-Einstein Condensates",General Research,General Research,35035.0,122543.0,51.0,0.5495145631067961,1.62,Q3,67570,45393.88,64.86,Medium,95.0,95.0,OpenAlex live API,yes,OpenAlex live data with automatic fallback enrichment.,General Research journal published by Science Press.,2026-05-26 19:40:08
168,Fresenius Zeitschrift für Analytische Chemie,N/A,2026,journal,OpenAlex Sources API,https://openalex.org/S4210233767,https://openalex.org/S4210233767,https://openalex.org/S4210233767,Rolling,Continuous,Continuous,rolling_journal,subscription_or_unknown,Fee not available,False,Springer Nature,DE,0016-1152,"Analytical chemistry methods development, Analytical Chemistry and Chromatography, Physics and Engineering Research Articles, Biomedical and Chemical Research, Extraction and Separation Processes, Engineering and Materials Science Studies, Radioactive element chemistry and processing, Electrochemical Analysis and Applications",General Research,General Research,55405.0,84633.0,75.0,0.0,1.62,Q3,67660,38430.4,64.68,Medium,95.0,95.0,OpenAlex live API,yes,OpenAlex live data with automatic fallback enrichment.,General Research journal published by Springer Nature.,2026-05-26 19:39:12
163,Astronomische Nachrichten,N/A,2026,journal,OpenAlex Sources API,https://openalex.org/S173695690,https://onlinelibrary.wiley.com/journal/15213994,https://onlinelibrary.wiley.com/journal/15213994,Rolling,Continuous,Continuous,rolling_journal,subscription_or_unknown,3140 USD; 2110 GBP; 2630 EUR,False,Wiley,DE,"0004-6337, 1521-3994","History and Developments in Astronomy, Astro and Planetary Science, Stellar, planetary, and galactic studies, Historical Astronomy and Related Studies, Agriculture and Biological Studies, Astronomical and nuclear sciences, Atmospheric Ozone and Climate, Astrophysics and Star Formation Studies",General Research,General Research,55956.0,62538.0,84.0,0.7813620071684588,1.61,Q3,67750,32796.07,64.5,Medium,95.0,95.0,OpenAlex live API,yes,OpenAlex live data with automatic fallback enrichment.,General Research journal published by Wiley.,2026-05-26 19:39:11
12,Chemischer Informationsdienst,N/A,2026,journal,OpenAlex Sources API,https://openalex.org/S4210187579,https://openalex.org/S4210187579,https://openalex.org/S4210187579,Rolling,Continuous,Continuous,rolling_journal,subscription_or_unknown,Fee not available,False,Wiley,DE,"0009-2975, 2199-2924","Inorganic and Organometallic Chemistry, Chemical Synthesis and Reactions, Fluorine in Organic Chemistry, Chemical Synthesis and Analysis, Synthesis and Reactions of Organic Compounds, Asymmetric Synthesis and Catalysis, Organic Chemistry Cycloaddition Reactions, Oxidative Organic Chemistry Reactions",General Research,General Research,306917.0,68618.0,57.0,0.0,1.53,Q3,69380,56977.1,61.24,Medium,95.0,95.0,OpenAlex live API,yes,OpenAlex live data with automatic fallback enrichment.,General Research journal published by Wiley.,2026-05-26 19:38:33
317,RöFo - Fortschritte auf dem Gebiet der Röntgenstrahlen und der bildgebenden Verfahren,N/A,2026,journal,OpenAlex Sources API,https://openalex.org/S4210212309,https://openalex.org/S4210212309,https://openalex.org/S4210212309,Rolling,Continuous,Continuous,rolling_journal,subscription_or_unknown,Fee not available,False,Thieme Medical Publishers (Germany),DE,"1438-9010, 1438-9029","Advanced MRI Techniques and Applications, Advanced X-ray and CT Imaging, Medical Imaging Techniques and Applications, Radiomics and Machine Learning in Medical Imaging, Radiation Dose and Imaging, Cardiac Imaging and Diagnostics, MRI in cancer diagnosis, Medical Practices and Rehabilitation",General Research,General Research,38780.0,83414.0,61.0,0.1880912632164719,1.42,Q3,71540,35011.6,56.92,Medium,95.0,95.0,OpenAlex live API,yes,OpenAlex live data with automatic fallback enrichment.,General Research journal published by Thieme Medical Publishers (Germany).,2026-05-26 19:39:52
127,Journal of Bioresource Management,N/A,2026,journal,OpenAlex Sources API,https://openalex.org/S2737205702,https://corescholar.libraries.wright.edu/jbm/,https://corescholar.libraries.wright.edu/jbm/,Rolling,Continuous,Continuous,rolling_journal,free_oa,Fee not available,True,"Bioresource Research Center (BRC), Islamabad",PK,2309-3854,"Academic and Historical Perspectives in Psychology, Magnetic confinement fusion research, History and Developments in Astronomy, Musicology and Musical Analysis, Cultural Differences and Values, Particle accelerators and beam dynamics, Evolutionary Psychology and Human Behavior, Fusion materials and technologies",General Research,General Research,64801.0,34776.0,80.0,0.04771784232365145,1.33,Q3,73470,24915.29,53.06,Medium,95.0,95.0,OpenAlex live API,yes,OpenAlex live data with automatic fallback enrichment.,"General Research journal published by Bioresource Research Center (BRC), Islamabad.",2026-05-26 19:39:01
231,Journal of Education,N/A,2026,journal,OpenAlex Sources API,https://openalex.org/S2927652741,https://journals.sagepub.com/home/jex,https://journals.sagepub.com/home/jex,Rolling,Continuous,Continuous,rolling_journal,subscription_or_unknown,Fee not available,False,SAGE Publishing,US,"0022-0574, 2515-5741","Human auditory perception and evaluation, Educational Robotics and Engineering, Education Systems and Policy, Educational Leadership and Practices, Diverse Education Studies and Reforms, Teacher Education and Leadership Studies, Diverse Scientific and Economic Studies, Education and Critical Thinking Development",General Research,General Research,47757.0,38532.0,73.0,0.7307692307692307,1.28,Q3,74310,23671.84,51.38,Medium,95.0,95.0,OpenAlex live API,yes,OpenAlex live data with automatic fallback enrichment.,General Research journal published by SAGE Publishing.,2026-05-26 19:39:33
292,Acta Crystallographica Section E Structure Reports Online,N/A,2026,journal,OpenAlex Sources API,https://openalex.org/S146636433,https://journals.iucr.org/e/,https://journals.iucr.org/e/,Rolling,Continuous,Continuous,rolling_journal,paid_oa,500 USD,True,International Union of Crystallography,Unknown,1600-5368,"Crystal structures of chemical compounds, Synthesis and biological activity, Metal complexes synthesis and properties, Crystallography and molecular interactions, Metal-Organic Frameworks: Synthesis and Applications, Synthesis and Characterization of Heterocyclic Compounds, Magnetism in coordination complexes, Synthesis of Organic Compounds",General Research,General Research,40807.0,94068.0,36.0,0.0,1.21,Q3,75750,35901.1,48.5,Medium,95.0,95.0,OpenAlex live API,yes,OpenAlex live data with automatic fallback enrichment.,General Research journal published by International Union of Crystallography.,2026-05-26 19:39:47
27,AGU Fall Meeting Abstracts,N/A,2026,journal,OpenAlex Sources API,https://openalex.org/S4306501062,https://openalex.org/S4306501062,https://openalex.org/S4306501062,Rolling,Continuous,Continuous,rolling_journal,subscription_or_unknown,Fee not available,False,Unknown Publisher,Unknown,Unknown,"Geology and Paleoclimatology Research, earthquake and tectonic studies, Methane Hydrates and Related Phenomena, Atmospheric and Environmental Gas Dynamics, Geological and Geochemical Analysis, Cryospheric studies and observations, Seismology and Earthquake Studies, Geophysics and Gravity Measurements",General Research,General Research,180694.0,43769.0,42.0,0.0,1.18,Q3,76485,35400.1,47.03,Medium,95.0,95.0,OpenAlex live API,yes,OpenAlex live data with automatic fallback enrichment.,General Research journal published by Unknown Publisher.,2026-05-26 19:38:37
20,Bulletin of the American Physical Society,N/A,2026,journal,OpenAlex Sources API,https://openalex.org/S2764664775,https://openalex.org/S2764664775,https://openalex.org/S2764664775,Rolling,Continuous,Continuous,rolling_journal,subscription_or_unknown,Fee not available,False,Cambridge University Press,US,0003-0503,"Cold Atom Physics and Bose-Einstein Condensates, Fluid Dynamics and Turbulent Flows, Physics of Superconductivity and Magnetism, Atomic and Subatomic Physics Research, Quantum and electron transport phenomena, Magnetic confinement fusion research, Graphene research and applications, Plasma Diagnostics and Applications",General Research,General Research,216173.0,23437.0,42.0,0.0,1.02,Q3,79535,32848.4,40.93,Medium,95.0,95.0,OpenAlex live API,yes,OpenAlex live data with automatic fallback enrichment.,General Research journal published by Cambridge University Press.,2026-05-26 19:38:35
379,Research Society and Development,N/A,2026,journal,OpenAlex Sources API,https://openalex.org/S2739064124,http://rsd.unifei.edu.br/index.php/rsd/index,http://rsd.unifei.edu.br/index.php/rsd/index,Rolling,Continuous,Continuous,rolling_journal,free_oa,Fee not available,True,Grupo de Pesquisa Metodologias em Ensino e Aprendizagem em Ciências,BR,2525-3409,"Healthcare during COVID-19 Pandemic, Healthcare Regulation, Health, Nursing, Elderly Care, Science and Education Research, Agricultural and Food Sciences, Academic Research in Diverse Fields, Education Pedagogy and Practices, Education during COVID-19 pandemic",General Research,General Research,34349.0,67398.0,36.0,0.30649284253578735,1.02,Q3,79615,27269.62,40.77,Medium,95.0,95.0,OpenAlex live API,yes,OpenAlex live data with automatic fallback enrichment.,General Research journal published by Grupo de Pesquisa Metodologias em Ensino e Aprendizagem em Ciências.,2026-05-26 19:40:10
77,Radiopaedia.org,N/A,2026,journal,OpenAlex Sources API,https://openalex.org/S4363604065,https://openalex.org/S4363604065,https://openalex.org/S4363604065,Rolling,Continuous,Continuous,rolling_journal,subscription_or_unknown,Fee not available,False,Unknown Publisher,Unknown,Unknown,"Orthopedic Surgery and Rehabilitation, Shoulder Injury and Treatment, Shoulder and Clavicle Injuries, Musculoskeletal synovial abnormalities and treatments, Medical Imaging and Pathology Studies, Bone Tumor Diagnosis and Treatments, Sarcoma Diagnosis and Treatment, Gastrointestinal disorders and treatments",General Research,General Research,91241.0,28426.0,45.0,0.07967032967032966,0.95,Q3,80930,22155.88,38.14,Medium,95.0,95.0,OpenAlex live API,yes,OpenAlex live data with automatic fallback enrichment.,General Research journal published by Unknown Publisher.,2026-05-26 19:38:49
64,ECS Meeting Abstracts,N/A,2026,journal,OpenAlex Sources API,https://openalex.org/S4210168594,https://iopscience.iop.org/journal/2151-2043,https://iopscience.iop.org/journal/2151-2043,Rolling,Continuous,Continuous,rolling_journal,subscription_or_unknown,Fee not available,False,Institute of Physics,US,"1091-8213, 2151-2035, 2151-2043, 2152-8365","Fuel Cells and Related Materials, Advancements in Battery Materials, Electrocatalysts for Energy Conversion, Advanced Battery Materials and Technologies, Advanced Battery Technologies Research, Conducting polymers and applications, Semiconductor materials and devices, Electrochemical Analysis and Applications",General Research,General Research,104673.0,27968.0,41.0,0.08581436077057793,0.94,Q3,81215,22961.99,37.57,Medium,95.0,95.0,OpenAlex live API,yes,OpenAlex live data with automatic fallback enrichment.,General Research journal published by Institute of Physics.,2026-05-26 19:38:45
357,The Classical Review,N/A,2026,journal,OpenAlex Sources API,https://openalex.org/S50128530,http://journals.cambridge.org/CAR,http://journals.cambridge.org/CAR,Rolling,Continuous,Continuous,rolling_journal,subscription_or_unknown,Fee not available,False,Cambridge University Press,Unknown,"0009-840X, 1464-3561","Classical Antiquity Studies, Classical Philosophy and Thought, Linguistics and language evolution, Historical, Religious, and Philosophical Studies, Ancient Mediterranean Archaeology and History, Byzantine Studies and History, Diverse Scientific and Economic Studies, Ancient and Medieval Archaeology Studies",General Research,General Research,35464.0,21375.0,58.0,0.011428571428571429,0.9,Q3,81955,15759.47,36.09,Medium,95.0,95.0,OpenAlex live API,yes,OpenAlex live data with automatic fallback enrichment.,General Research journal published by Cambridge University Press.,2026-05-26 19:40:02
55,AGUFM,N/A,2026,journal,OpenAlex Sources API,https://openalex.org/S4306501063,https://openalex.org/S4306501063,https://openalex.org/S4306501063,Rolling,Continuous,Continuous,rolling_journal,subscription_or_unknown,Fee not available,False,Unknown Publisher,Unknown,Unknown,"earthquake and tectonic studies, Geology and Paleoclimatology Research, Methane Hydrates and Related Phenomena, Geological and Geochemical Analysis, Atmospheric and Environmental Gas Dynamics, Cryospheric studies and observations, Seismology and Earthquake Studies, Hydrocarbon exploration and reservoir analysis",General Research,General Research,112992.0,25763.0,32.0,0.5,0.87,Q4,82535,22253.1,34.93,Low,95.0,95.0,OpenAlex live API,yes,OpenAlex live data with automatic fallback enrichment.,General Research journal published by Unknown Publisher.,2026-05-26 19:38:43
16,Acta Scientiarum Naturalium Universitatis Sunyatseni,N/A,2026,journal,OpenAlex Sources API,https://openalex.org/S4306500507,http://www.cqvip.com/qikan/Detail.aspx?gch=94631X&years=,http://www.cqvip.com/qikan/Detail.aspx?gch=94631X&years=,Rolling,Continuous,Continuous,rolling_journal,subscription_or_unknown,Fee not available,False,Unknown Publisher,CN,Unknown,"Military Technology and Strategies, Legal and Regulatory Analysis, Linguistic, Cultural, and Literary Studies, Medical Research and Treatments, Regional Development and Environment, Educational Reforms and Innovations, Cancer Mechanisms and Therapy, Cancer Research and Treatments",General Research,General Research,270204.0,11883.0,36.0,0.0,0.87,Q4,82620,34185.3,34.76,Low,95.0,95.0,OpenAlex live API,yes,OpenAlex live data with automatic fallback enrichment.,General Research journal published by Unknown Publisher.,2026-05-26 19:38:34
94,The Mathematics Enthusiast,N/A,2026,journal,OpenAlex Sources API,https://openalex.org/S190740074,http://scholarworks.umt.edu/tme/,http://scholarworks.umt.edu/tme/,Rolling,Continuous,Continuous,rolling_journal,subscription_or_unknown,Fee not available,False,Unknown Publisher,US,1551-3440,"Magnetic confinement fusion research, Earthquake and Disaster Impact Studies, Diverse Scientific and Economic Studies, Particle accelerators and beam dynamics, Educational Robotics and Engineering, American Environmental and Regional History, Legal Cases and Commentary, Fusion materials and technologies",General Research,General Research,80424.0,19443.0,44.0,0.005582137161084529,0.84,Q4,83155,18275.58,33.69,Low,95.0,95.0,OpenAlex live API,yes,OpenAlex live data with automatic fallback enrichment.,General Research journal published by Unknown Publisher.,2026-05-26 19:38:52
299,International Journal for Research in Applied Science and Engineering Technology,N/A,2026,journal,OpenAlex Sources API,https://openalex.org/S2764566388,http://www.ijraset.com,http://www.ijraset.com,Rolling,Continuous,Continuous,rolling_journal,free_oa,Fee not available,True,International Journal for Research in Applied Science and Engineering Technology (IJRASET),IN,2321-9653,"IoT-based Smart Home Systems, IoT and GPS-based Vehicle Safety Systems, Smart Agriculture and AI, Artificial Intelligence in Healthcare, Network Security and Intrusion Detection, Innovative concrete reinforcement materials, Blockchain Technology Applications and Security, Vehicle License Plate Recognition",General Research,General Research,40094.0,33330.0,40.0,0.23901542983100663,0.82,Q4,83635,18020.35,32.73,Low,95.0,95.0,OpenAlex live API,yes,OpenAlex live data with automatic fallback enrichment.,General Research journal published by International Journal for Research in Applied Science and Engineering Technology (IJRASET).,2026-05-26 19:39:48
348,Innovation in Aging,N/A,2026,journal,OpenAlex Sources API,https://openalex.org/S2735557189,https://academic.oup.com/innovateage,https://academic.oup.com/innovateage,Rolling,Continuous,Continuous,rolling_journal,paid_oa,3615 USD,True,University of Oxford,GB,2399-5300,"Geriatric Care and Nursing Homes, Health disparities and outcomes, Aging and Gerontology Research, Dementia and Cognitive Impairment Research, Intergenerational Family Dynamics and Caregiving, Migration, Aging, and Tourism Studies, Technology Use by Older Adults, Frailty in Older Adults",General Research,General Research,36057.0,22898.0,47.0,0.16502301117685733,0.8,Q4,83940,15183.35,32.12,Low,95.0,95.0,OpenAlex live API,yes,OpenAlex live data with automatic fallback enrichment.,General Research journal published by University of Oxford.,2026-05-26 19:40:00
82,Prace Naukowe Uniwersytetu Ekonomicznego we Wrocławiu,N/A,2026,journal,OpenAlex Sources API,https://openalex.org/S4210167977,http://www.dbc.wroc.pl/dlibra,http://www.dbc.wroc.pl/dlibra,Rolling,Continuous,Continuous,rolling_journal,free_oa,Fee not available,True,Wroclaw University of Economics,PL,"1899-3192, 2392-0041","Magnetic confinement fusion research, Management and Organizational Practices, Polish socio-economic development, Particle accelerators and beam dynamics, Economic and Fiscal Studies, Fusion materials and technologies, Accounting Theory and Financial Reporting, Plasma Diagnostics and Applications",General Research,General Research,86091.0,16936.0,31.0,0.07459207459207459,0.7,Q4,86070,16793.63,27.86,Low,95.0,95.0,OpenAlex live API,yes,OpenAlex live data with automatic fallback enrichment.,General Research journal published by Wroclaw University of Economics.,2026-05-26 19:38:50
161,The New Scientist,N/A,2026,journal,OpenAlex Sources API,https://openalex.org/S104920066,https://www.sciencedirect.com/journal/new-scientist,https://www.sciencedirect.com/journal/new-scientist,Rolling,Continuous,Continuous,rolling_journal,subscription_or_unknown,Fee not available,False,Elsevier BV,GB,"0262-4079, 1356-1766, 2059-5387","Science, Research, and Medicine, Space Science and Extraterrestrial Life, Biotechnology and Related Fields, Educational Leadership and Practices, Earthquake and Disaster Impact Studies, Space exploration and regulation, Astro and Planetary Science, Global Energy and Sustainability Research",General Research,General Research,56335.0,19164.0,33.0,0.020249221183800622,0.66,Q4,86855,14683.71,26.29,Low,95.0,95.0,OpenAlex live API,yes,OpenAlex live data with automatic fallback enrichment.,General Research journal published by Elsevier BV.,2026-05-26 19:39:10
30,Benezit Dictionary of Artists,N/A,2026,journal,OpenAlex Sources API,https://openalex.org/S4363604064,https://openalex.org/S4363604064,https://openalex.org/S4363604064,Rolling,Continuous,Continuous,rolling_journal,subscription_or_unknown,Fee not available,False,Unknown Publisher,Unknown,Unknown,"History and Developments in Astronomy, Historical Studies and Socio-cultural Analysis, German Literature and Culture Studies, Historical Studies on Spain, Historical and Literary Analyses, Academic and Historical Perspectives in Psychology, Historical and Literary Studies, Historical Art and Architecture Studies",General Research,General Research,169827.0,7288.0,18.0,0.0,0.63,Q4,87355,20969.1,25.29,Low,95.0,95.0,OpenAlex live API,yes,OpenAlex live data with automatic fallback enrichment.,General Research journal published by Unknown Publisher.,2026-05-26 19:38:38
389,"Advances in Social Science, Education and Humanities Research/Advances in social science, education and humanities research",N/A,2026,journal,OpenAlex Sources API,https://openalex.org/S4393919366,https://openalex.org/S4393919366,https://openalex.org/S4393919366,Rolling,Continuous,Continuous,rolling_journal,free_oa,Fee not available,True,Unknown Publisher,Unknown,"2352-5398, 2731-8060","Educational Reforms and Innovations, Medical Research and Treatments, Educational Curriculum and Learning Methods, Technology-Enhanced Education Studies, Education and Character Development, Regional Development and Environment, Education and Critical Thinking Development, Educational Methods and Media Use",General Research,General Research,33782.0,26030.0,28.0,0.12529238279263705,0.6,Q4,87920,13993.46,24.16,Low,95.0,95.0,OpenAlex live API,yes,OpenAlex live data with automatic fallback enrichment.,General Research journal published by Unknown Publisher.,2026-05-26 19:40:12
14,Reactions Weekly,N/A,2026,journal,OpenAlex Sources API,https://openalex.org/S14436165,https://www.springer.com/journal/40278,https://www.springer.com/journal/40278,Rolling,Continuous,Continuous,rolling_journal,subscription_or_unknown,Fee not available,False,"Adis, Springer Healthcare",NZ,"0114-9954, 1179-2051","Chemotherapy-related skin toxicity, Drug-Induced Adverse Reactions, Cancer Treatment and Pharmacology, Blood disorders and treatments, Pharmacological Effects and Toxicity Studies, Eosinophilic Disorders and Syndromes, Chronic Lymphocytic Leukemia Research, Electroconvulsive Therapy Studies",General Research,General Research,282529.0,3241.0,18.0,0.010348877036747077,0.6,Q4,87950,31025.72,24.1,Low,95.0,95.0,OpenAlex live API,yes,OpenAlex live data with automatic fallback enrichment.,"General Research journal published by Adis, Springer Healthcare.",2026-05-26 19:38:34
69,Who Was Who,N/A,2026,journal,OpenAlex Sources API,https://openalex.org/S4363604053,https://openalex.org/S4363604053,https://openalex.org/S4363604053,Rolling,Continuous,Continuous,rolling_journal,subscription_or_unknown,Fee not available,False,Unknown Publisher,Unknown,Unknown,"Medical History and Innovations, Australian History and Society, Historical Economic and Social Studies, Scottish History and National Identity, History and Developments in Astronomy, History of Medical Practice, Australian Indigenous Culture and History, Historical and Architectural Studies",General Research,General Research,99249.0,13431.0,21.0,0.0,0.58,Q4,88300,16054.2,23.4,Low,95.0,95.0,OpenAlex live API,yes,OpenAlex live data with automatic fallback enrichment.,General Research journal published by Unknown Publisher.,2026-05-26 19:38:47
272,Docs.school Publications,N/A,2026,journal,OpenAlex Sources API,https://openalex.org/S4306508229,https://openalex.org/S4306508229,https://openalex.org/S4306508229,Rolling,Continuous,Continuous,rolling_journal,subscription_or_unknown,Fee not available,False,Unknown Publisher,Unknown,Unknown,"French Urban and Social Studies, Social Sciences and Governance, Education, sociology, and vocational training, Multiculturalism, Politics, Migration, Gender, Agriculture and Rural Development Research, Psychoanalysis and Psychopathology Research, Political and Social Issues, Historical Studies and Socio-cultural Analysis",General Research,General Research,42325.0,11549.0,34.0,0.0,0.57,Q4,88500,11097.2,23.0,Low,95.0,95.0,OpenAlex live API,yes,OpenAlex live data with automatic fallback enrichment.,General Research journal published by Unknown Publisher.,2026-05-26 19:39:42
178,EGUGA,N/A,2026,journal,OpenAlex Sources API,https://openalex.org/S4306508950,https://openalex.org/S4306508950,https://openalex.org/S4306508950,Rolling,Continuous,Continuous,rolling_journal,subscription_or_unknown,Fee not available,False,Unknown Publisher,TN,Unknown,"Geology and Paleoclimatology Research, Landslides and related hazards, Cryospheric studies and observations, Hydrology and Watershed Management Studies, earthquake and tectonic studies, Geophysics and Gravity Measurements, Methane Hydrates and Related Phenomena, Atmospheric and Environmental Gas Dynamics",General Research,General Research,54213.0,12375.0,23.0,1.0,0.56,Q4,88760,11483.8,22.48,Low,95.0,95.0,OpenAlex live API,yes,OpenAlex live data with automatic fallback enrichment.,General Research journal published by Unknown Publisher.,2026-05-26 19:39:16
144,Artium Quaestiones,N/A,2026,journal,OpenAlex Sources API,https://openalex.org/S4210195739,https://digi.ub.uni-heidelberg.de/diglit/artium_quaestiones,https://digi.ub.uni-heidelberg.de/diglit/artium_quaestiones,Rolling,Continuous,Continuous,rolling_journal,free_oa,Fee not available,True,Adam Mickiewicz University in Poznań,PL,"0239-202X, 2719-4558","Genomics and Phylogenetic Studies, Mycorrhizal Fungi and Plant Interactions, Plant Pathogens and Fungal Diseases, German Literature and Culture Studies, Medieval European History and Architecture, Libraries and Information Services, Historical, Literary, and Cultural Studies, Historical Influence and Diplomacy",General Research,General Research,59334.0,5739.0,32.0,0.03225806451612903,0.55,Q4,88925,10856.71,22.15,Low,95.0,95.0,OpenAlex live API,yes,OpenAlex live data with automatic fallback enrichment.,General Research journal published by Adam Mickiewicz University in Poznań.,2026-05-26 19:39:06
207,Journal watch,N/A,2026,journal,OpenAlex Sources API,https://openalex.org/S2764501393,https://openalex.org/S2764501393,https://openalex.org/S2764501393,Rolling,Continuous,Continuous,rolling_journal,subscription_or_unknown,Fee not available,False,Massachusetts Medical Society,US,0896-7210,"HIV/AIDS Research and Interventions, Venous Thromboembolism Diagnosis and Management, Liver Disease Diagnosis and Treatment, Atrial Fibrillation Management and Outcomes, HIV Research and Treatment, Cardiac Arrest and Resuscitation, Acute Myocardial Infarction Research, HIV/AIDS drug development and treatment",General Research,General Research,50372.0,6955.0,33.0,0.0,0.55,Q4,89015,10423.7,21.97,Low,95.0,95.0,OpenAlex live API,yes,OpenAlex live data with automatic fallback enrichment.,General Research journal published by Massachusetts Medical Society.,2026-05-26 19:39:28
148,Oxford Music Online,N/A,2026,journal,OpenAlex Sources API,https://openalex.org/S4363604082,https://openalex.org/S4363604082,https://openalex.org/S4363604082,Rolling,Continuous,Continuous,rolling_journal,subscription_or_unknown,Fee not available,False,Unknown Publisher,Unknown,Unknown,"History and Developments in Astronomy, Musicology and Musical Analysis, German Literature and Culture Studies, Italian Literature and Culture, Academic and Historical Perspectives in Psychology, Historical Studies and Socio-cultural Analysis, Australian History and Society, Historical Studies on Spain",General Research,General Research,58742.0,7991.0,29.0,0.037037037037037035,0.54,Q4,89285,11173.35,21.43,Low,95.0,95.0,OpenAlex live API,yes,OpenAlex live data with automatic fallback enrichment.,General Research journal published by Unknown Publisher.,2026-05-26 19:39:07
313,Science News,N/A,2026,journal,OpenAlex Sources API,https://openalex.org/S164128033,https://openalex.org/S164128033,https://openalex.org/S164128033,Rolling,Continuous,Continuous,rolling_journal,subscription_or_unknown,Fee not available,False,Society for Science and the Public,US,"0036-8423, 1943-0930","Space Science and Extraterrestrial Life, Educational Leadership and Practices, History and Developments in Astronomy, Diverse Scientific and Economic Studies, Marine and environmental studies, Astro and Planetary Science, Science, Research, and Medicine, Human auditory perception and evaluation",General Research,General Research,38952.0,13575.0,28.0,0.0,0.51,Q4,89715,10767.7,20.57,Low,95.0,95.0,OpenAlex live API,yes,OpenAlex live data with automatic fallback enrichment.,General Research journal published by Society for Science and the Public.,2026-05-26 19:39:51
110,Who's Who,N/A,2026,journal,OpenAlex Sources API,https://openalex.org/S4363604063,https://www.ukwhoswho.com,https://www.ukwhoswho.com,Rolling,Continuous,Continuous,rolling_journal,subscription_or_unknown,Fee not available,False,Unknown Publisher,Unknown,Unknown,"Scottish History and National Identity, Political and Economic history of UK and US, Medical History and Innovations, Commonwealth, Australian Politics and Federalism, Irish and British Studies, Australian History and Society, Island Studies and Pacific Affairs, Migration, Aging, and Tourism Studies",General Research,General Research,70193.0,11177.0,22.0,0.0,0.51,Q4,89865,12572.4,20.27,Low,95.0,95.0,OpenAlex live API,yes,OpenAlex live data with automatic fallback enrichment.,General Research journal published by Unknown Publisher.,2026-05-26 19:38:56
100,IEICE Technical Report; IEICE Tech. Rep.,N/A,2026,journal,OpenAlex Sources API,https://openalex.org/S4306512848,https://openalex.org/S4306512848,https://openalex.org/S4306512848,Rolling,Continuous,Continuous,rolling_journal,subscription_or_unknown,Fee not available,False,Unknown Publisher,Unknown,Unknown,"Advanced MIMO Systems Optimization, Wireless Communication Networks Research, Semiconductor Lasers and Optical Devices, Antenna Design and Analysis, Photonic and Optical Devices, Telecommunications and Broadcasting Technologies, Antenna Design and Optimization, Advanced Photonic Communication Systems",General Research,General Research,77651.0,11626.0,20.0,0.0,0.51,Q4,89875,13252.9,20.25,Low,95.0,95.0,OpenAlex live API,yes,OpenAlex live data with automatic fallback enrichment.,General Research journal published by Unknown Publisher.,2026-05-26 19:38:53
93,Japanese Circulation Journal-english Edition,N/A,2026,journal,OpenAlex Sources API,https://openalex.org/S150042853,https://openalex.org/S150042853,https://openalex.org/S150042853,Rolling,Continuous,Continuous,rolling_journal,subscription_or_unknown,Fee not available,False,Japanese Circulation Society,Unknown,Unknown,"Legal and Regulatory Analysis, Linguistic, Cultural, and Literary Studies, Military Technology and Strategies, Cardiac Imaging and Diagnostics, Cardiovascular Function and Risk Factors, Coronary Interventions and Diagnostics, Cardiac Arrhythmias and Treatments, Cardiovascular Disease and Adiposity",General Research,General Research,80470.0,3984.0,21.0,0.0,0.47,Q4,90655,11342.2,18.69,Low,95.0,95.0,OpenAlex live API,yes,OpenAlex live data with automatic fallback enrichment.,General Research journal published by Japanese Circulation Society.,2026-05-26 19:38:52
312,Case Medical Research,N/A,2026,journal,OpenAlex Sources API,https://openalex.org/S4210239733,https://openalex.org/S4210239733,https://openalex.org/S4210239733,Rolling,Continuous,Continuous,rolling_journal,subscription_or_unknown,Fee not available,False,Case Journals,US,2643-4652,"Cardiac, Anesthesia and Surgical Outcomes, Anesthesia and Pain Management, Lung Cancer Treatments and Mutations, Diet and metabolism studies, Stroke Rehabilitation and Recovery, Cancer Immunotherapy and Biomarkers, Liver Disease Diagnosis and Treatment, Health Systems, Economic Evaluations, Quality of Life",General Research,General Research,39282.0,7094.0,28.0,0.0,0.47,Q4,90670,8856.4,18.66,Low,95.0,95.0,OpenAlex live API,yes,OpenAlex live data with automatic fallback enrichment.,General Research journal published by Case Journals.,2026-05-26 19:39:51
47,The Scientific Issues of Ternopil Volodymyr Hnatiuk National Pedagogical University Series pedagogy,N/A,2026,journal,OpenAlex Sources API,https://openalex.org/S4210228265,http://nzp.tnpu.edu.ua/,http://nzp.tnpu.edu.ua/,Rolling,Continuous,Continuous,rolling_journal,free_oa,Fee not available,True,Ternopil Volodymyr Hnatiuk National Pedagogical University,UA,"2311-6382, 2415-3605","Military Technology and Strategies, Legal and Regulatory Analysis, Linguistic, Cultural, and Literary Studies, Education and Social Development in Ukraine, Magnetic confinement fusion research, Ukrainian Legal and Forensic Studies, Environmental and Industrial Safety, Particle accelerators and beam dynamics",General Research,General Research,137390.0,1364.0,9.0,0.0010251153254741158,0.45,Q4,90900,15048.25,18.2,Low,95.0,95.0,OpenAlex live API,yes,OpenAlex live data with automatic fallback enrichment.,General Research journal published by Ternopil Volodymyr Hnatiuk National Pedagogical University.,2026-05-26 19:38:41
200,Japanese Journal of Radiological Technology,N/A,2026,journal,OpenAlex Sources API,https://openalex.org/S2756445955,https://openalex.org/S2756445955,https://openalex.org/S2756445955,Rolling,Continuous,Continuous,rolling_journal,subscription_or_unknown,Fee not available,False,Japan Radiological Society,Unknown,"0369-4305, 1881-4883","Medical Imaging Techniques and Applications, Legal and Regulatory Analysis, Military Technology and Strategies, Linguistic, Cultural, and Literary Studies, Radiomics and Machine Learning in Medical Imaging, Advanced X-ray and CT Imaging, Radiation Dose and Imaging, Advanced MRI Techniques and Applications",General Research,General Research,51354.0,7582.0,23.0,0.11345646437994723,0.45,Q4,90950,9715.67,18.1,Low,95.0,95.0,OpenAlex live API,yes,OpenAlex live data with automatic fallback enrichment.,General Research journal published by Japan Radiological Society.,2026-05-26 19:39:22
136,Nihon Kikai Gakkaishi/Journal of the Japan Society of Mechanical Engineers,N/A,2026,journal,OpenAlex Sources API,https://openalex.org/S4210210193,https://www.jsme.or.jp/publication/kaisi,https://www.jsme.or.jp/publication/kaisi,Rolling,Continuous,Continuous,rolling_journal,free_oa,Fee not available,True,Japan Society Mechanical Engineers,JP,"0021-4728, 2424-2675","Legal and Regulatory Analysis, Military Technology and Strategies, Linguistic, Cultural, and Literary Studies, Manufacturing Process and Optimization, Metallurgy and Material Forming, Engineering Technology and Methodologies, Hydraulic and Pneumatic Systems, Engineering Applied Research",General Research,General Research,62061.0,4952.0,22.0,0.010893246187363835,0.44,Q4,91190,9892.24,17.62,Low,95.0,95.0,OpenAlex live API,yes,OpenAlex live data with automatic fallback enrichment.,General Research journal published by Japan Society Mechanical Engineers.,2026-05-26 19:39:03
137,Oxford Dictionary of National Biography,N/A,2026,journal,OpenAlex Sources API,https://openalex.org/S4363604075,https://openalex.org/S4363604075,https://openalex.org/S4363604075,Rolling,Continuous,Continuous,rolling_journal,subscription_or_unknown,Fee not available,False,Unknown Publisher,Unknown,Unknown,"Medical History and Innovations, Historical Economic and Social Studies, History of Medical Practice, Scottish History and National Identity, Historical Studies and Socio-cultural Analysis, Australian History and Society, Reformation and Early Modern Christianity, History of Science and Natural History",General Research,General Research,61908.0,5958.0,21.0,0.0,0.44,Q4,91285,10078.2,17.43,Low,95.0,95.0,OpenAlex live API,yes,OpenAlex live data with automatic fallback enrichment.,General Research journal published by Unknown Publisher.,2026-05-26 19:39:04
216,Abstracts with programs - Geological Society of America,N/A,2026,journal,OpenAlex Sources API,https://openalex.org/S4220651000,https://openalex.org/S4220651000,https://openalex.org/S4220651000,Rolling,Continuous,Continuous,rolling_journal,subscription_or_unknown,Fee not available,False,Geological Society of America,US,0016-7592,"Geochemistry and Geologic Mapping, Geology and Paleoclimatology Research, Geological Studies and Exploration, Marine and environmental studies, Geological and Geochemical Analysis, Hydrocarbon exploration and reservoir analysis, Geological formations and processes, Geological Modeling and Analysis",General Research,General Research,49558.0,7813.0,19.0,0.021377397735151377,0.4,Q4,92045,9200.77,15.91,Low,95.0,95.0,OpenAlex live API,yes,OpenAlex live data with automatic fallback enrichment.,General Research journal published by Geological Society of America.,2026-05-26 19:39:30
239,APS,N/A,2026,journal,OpenAlex Sources API,https://openalex.org/S4306502653,https://openalex.org/S4306502653,https://openalex.org/S4306502653,Rolling,Continuous,Continuous,rolling_journal,subscription_or_unknown,Fee not available,False,Unknown Publisher,Unknown,Unknown,"Particle physics theoretical and experimental studies, Magnetic confinement fusion research, Plasma Diagnostics and Applications, Fluid Dynamics and Turbulent Flows, Physics of Superconductivity and Magnetism, Atomic and Subatomic Physics Research, Quantum Chromodynamics and Particle Interactions, Superconducting Materials and Applications",General Research,General Research,46414.0,5238.0,21.0,0.0,0.39,Q4,92170,8312.8,15.66,Low,95.0,95.0,OpenAlex live API,yes,OpenAlex live data with automatic fallback enrichment.,General Research journal published by Unknown Publisher.,2026-05-26 19:39:34
227,The Oxford Dictionary of National Biography,N/A,2026,journal,OpenAlex Sources API,https://openalex.org/S4363604068,https://openalex.org/S4363604068,https://openalex.org/S4363604068,Rolling,Continuous,Continuous,rolling_journal,subscription_or_unknown,Fee not available,False,Unknown Publisher,Unknown,Unknown,"Scottish History and National Identity, Historical Studies of British Isles, Historical Economic and Social Studies, Medical History and Innovations, Medieval Literature and History, History of Medicine Studies, Historical Art and Culture Studies, History of Science and Natural History",General Research,General Research,48144.0,2896.0,21.0,0.0,0.38,Q4,92435,7783.2,15.13,Low,95.0,95.0,OpenAlex live API,yes,OpenAlex live data with automatic fallback enrichment.,General Research journal published by Unknown Publisher.,2026-05-26 19:39:32
341,Endocrine Abstracts,N/A,2026,journal,OpenAlex Sources API,https://openalex.org/S4306509401,http://www.endocrine-abstracts.org,http://www.endocrine-abstracts.org,Rolling,Continuous,Continuous,rolling_journal,subscription_or_unknown,Fee not available,False,Bioscientifica,Unknown,"1470-3947, 1479-6848, 2046-0368","Pituitary Gland Disorders and Treatments, Adrenal and Paraganglionic Tumors, Hormonal Regulation and Hypertension, Adrenal Hormones and Disorders, Neuroendocrine Tumor Research Advances, Thyroid Cancer Diagnosis and Treatment, Thyroid Disorders and Treatments, Parathyroid Disorders and Treatments",General Research,General Research,36718.0,6571.0,18.0,0.03796203796203796,0.35,Q4,93070,7445.0,13.86,Low,95.0,95.0,OpenAlex live API,yes,OpenAlex live data with automatic fallback enrichment.,General Research journal published by Bioscientifica.,2026-05-26 19:39:58
52,日本物理学会講演概要集,N/A,2026,journal,OpenAlex Sources API,https://openalex.org/S4306551207,https://openalex.org/S4306551207,https://openalex.org/S4306551207,Rolling,Continuous,Continuous,rolling_journal,subscription_or_unknown,Fee not available,False,Unknown Publisher,Unknown,Unknown,"Legal and Regulatory Analysis, Linguistic, Cultural, and Literary Studies, Military Technology and Strategies, Diverse Scientific and Economic Studies, Rare-earth and actinide compounds, Advanced NMR Techniques and Applications, Solid-state spectroscopy and crystallography, Inorganic Fluorides and Related Compounds",General Research,General Research,122824.0,39.0,3.0,0.0,0.34,Q4,93180,12594.1,13.64,Low,95.0,95.0,OpenAlex live API,yes,OpenAlex live data with automatic fallback enrichment.,General Research journal published by Unknown Publisher.,2026-05-26 19:38:42
243,Anhui nongye kexue,N/A,2026,journal,OpenAlex Sources API,https://openalex.org/S2764869649,https://openalex.org/S2764869649,https://openalex.org/S2764869649,Rolling,Continuous,Continuous,rolling_journal,subscription_or_unknown,Fee not available,False,Chinese Academy of Agricultural Sciences,CN,0517-6611,"Remote Sensing and Land Use, Environmental and Agricultural Sciences, Environmental Quality and Pollution, Environmental Changes in China, Forest, Soil, and Plant Ecology in China, Regional Economic and Spatial Analysis, Food Quality and Safety Studies, Evaluation Methods in Various Fields",General Research,General Research,45930.0,8050.0,11.0,0.0,0.3,Q4,94020,8108.0,11.96,Low,95.0,95.0,OpenAlex live API,yes,OpenAlex live data with automatic fallback enrichment.,General Research journal published by Chinese Academy of Agricultural Sciences.,2026-05-26 19:39:35
181,Inpharma Weekly,N/A,2026,journal,OpenAlex Sources API,https://openalex.org/S11454955,https://link.springer.com/journal/40285/volumes-and-issues,https://link.springer.com/journal/40285/volumes-and-issues,Rolling,Continuous,Continuous,rolling_journal,subscription_or_unknown,Fee not available,False,Springer Nature,NZ,"1173-8324, 2230-6056","Science, Research, and Medicine, Biotechnology and Related Fields, Academic Publishing and Open Access, Diverse Specialized Academic Research, Cancer Treatment and Pharmacology, Health Systems, Economic Evaluations, Quality of Life, Pharmaceutical Economics and Policy, Lipoproteins and Cardiovascular Health",General Research,General Research,53640.0,1284.0,13.0,0.0,0.29,Q4,94200,7049.2,11.6,Low,95.0,95.0,OpenAlex live API,yes,OpenAlex live data with automatic fallback enrichment.,General Research journal published by Springer Nature.,2026-05-26 19:39:16
149,Молодой ученый,N/A,2026,journal,OpenAlex Sources API,https://openalex.org/S4306539631,https://openalex.org/S4306539631,https://openalex.org/S4306539631,Rolling,Continuous,Continuous,rolling_journal,subscription_or_unknown,Fee not available,False,Unknown Publisher,Unknown,Unknown,"Legal and Regulatory Analysis, Linguistic, Cultural, and Literary Studies, Military Technology and Strategies, Education, Innovation and Language Studies, Foreign Language Teaching Methods, Second Language Learning and Teaching, Language, Communication, and Linguistic Studies, EFL/ESL Teaching and Learning",General Research,General Research,58526.0,999.0,11.0,0.0,0.28,Q4,94450,7252.3,11.1,Low,95.0,95.0,OpenAlex live API,yes,OpenAlex live data with automatic fallback enrichment.,General Research journal published by Unknown Publisher.,2026-05-26 19:39:07
146,VizieR Online Data Catalog,N/A,2026,journal,OpenAlex Sources API,https://openalex.org/S4306534428,https://openalex.org/S4306534428,https://openalex.org/S4306534428,Rolling,Continuous,Continuous,rolling_journal,subscription_or_unknown,Fee not available,False,Unknown Publisher,Unknown,Unknown,"Astronomical Observations and Instrumentation, Astronomy and Astrophysical Research, Magnetic confinement fusion research, Stellar, planetary, and galactic studies, Particle accelerators and beam dynamics, Fusion materials and technologies, Plasma Diagnostics and Applications, Calibration and Measurement Techniques",General Research,General Research,59120.0,3166.0,8.0,0.0,0.26,Q4,94770,7661.8,10.46,Low,95.0,95.0,OpenAlex live API,yes,OpenAlex live data with automatic fallback enrichment.,General Research journal published by Unknown Publisher.,2026-05-26 19:39:07
179,Sax's Dangerous Properties of Industrial Materials,N/A,2026,journal,OpenAlex Sources API,https://openalex.org/S4363604067,https://openalex.org/S4363604067,https://openalex.org/S4363604067,Rolling,Continuous,Continuous,rolling_journal,subscription_or_unknown,Fee not available,False,Unknown Publisher,Unknown,Unknown,"Inorganic and Organometallic Chemistry, Synthesis and biological activity, Analytical Chemistry and Chromatography, Chemical Synthesis and Reactions, Crystal structures of chemical compounds, Structural and Chemical Analysis of Organic and Inorganic Compounds, Synthesis and Characterization of Heterocyclic Compounds, Synthesis of Organic Compounds",General Research,General Research,54146.0,845.0,10.0,0.0,0.25,Q4,94915,6668.1,10.17,Low,95.0,95.0,OpenAlex live API,yes,OpenAlex live data with automatic fallback enrichment.,General Research journal published by Unknown Publisher.,2026-05-26 19:39:16
197,Shanxi Architecture,N/A,2026,journal,OpenAlex Sources API,https://openalex.org/S4306529776,https://openalex.org/S4306529776,https://openalex.org/S4306529776,Rolling,Continuous,Continuous,rolling_journal,subscription_or_unknown,Fee not available,False,Unknown Publisher,CN,Unknown,"Civil and Geotechnical Engineering Research, Geomechanics and Mining Engineering, Simulation and Modeling Applications, Evaluation and Optimization Models, Structural Engineering and Vibration Analysis, Grouting, Rheology, and Soil Mechanics, Evaluation Methods in Various Fields, Geoscience and Mining Technology",General Research,General Research,51564.0,1602.0,9.0,0.0,0.24,Q4,95155,6537.0,9.69,Low,95.0,95.0,OpenAlex live API,yes,OpenAlex live data with automatic fallback enrichment.,General Research journal published by Unknown Publisher.,2026-05-26 19:39:21
105,日本消化器外科学会雑誌,N/A,2026,journal,OpenAlex Sources API,https://openalex.org/S4306551153,https://openalex.org/S4306551153,https://openalex.org/S4306551153,Rolling,Continuous,Continuous,rolling_journal,subscription_or_unknown,Fee not available,False,Unknown Publisher,Unknown,Unknown,"Legal and Regulatory Analysis, Linguistic, Cultural, and Literary Studies, Military Technology and Strategies, Gastrointestinal Tumor Research and Treatment, Diverse Scientific and Economic Studies, Protease and Inhibitor Mechanisms, Gastrointestinal disorders and treatments, Neuroendocrine Tumor Research Advances",General Research,General Research,72036.0,157.0,4.0,0.0,0.23,Q4,95475,7650.7,9.05,Low,95.0,95.0,OpenAlex live API,yes,OpenAlex live data with automatic fallback enrichment.,General Research journal published by Unknown Publisher.,2026-05-26 19:38:54
218,Emerald expert briefings,N/A,2026,journal,OpenAlex Sources API,https://openalex.org/S4210217702,https://openalex.org/S4210217702,https://openalex.org/S4210217702,Rolling,Continuous,Continuous,rolling_journal,subscription_or_unknown,Fee not available,False,Emerald Publishing Limited,Unknown,2633-304X,"Economic Sanctions and International Relations, Global Peace and Security Dynamics, Middle East and Rwanda Conflicts, International Development and Aid, Science, Research, and Medicine, Health and Conflict Studies, Global Energy Security and Policy, Global Public Health Policies and Epidemiology",General Research,General Research,49513.0,1341.0,8.0,0.013657623947614593,0.22,Q4,95505,6154.28,8.99,Low,95.0,95.0,OpenAlex live API,yes,OpenAlex live data with automatic fallback enrichment.,General Research journal published by Emerald Publishing Limited.,2026-05-26 19:39:30
257,日本産科婦人科學會雜誌,N/A,2026,journal,OpenAlex Sources API,https://openalex.org/S4306551271,https://openalex.org/S4306551271,https://openalex.org/S4306551271,Rolling,Continuous,Continuous,rolling_journal,subscription_or_unknown,Fee not available,False,Unknown Publisher,Unknown,Unknown,"Legal and Regulatory Analysis, Military Technology and Strategies, Linguistic, Cultural, and Literary Studies, Pregnancy and preeclampsia studies, Ovarian cancer diagnosis and treatment, Estrogen and related hormone effects, Endometrial and Cervical Cancer Treatments, Cervical Cancer and HPV Research",General Research,General Research,44919.0,572.0,9.0,0.0,0.22,Q4,95645,5563.5,8.71,Low,95.0,95.0,OpenAlex live API,yes,OpenAlex live data with automatic fallback enrichment.,General Research journal published by Unknown Publisher.,2026-05-26 19:39:38
171,The Japan Society of Applied Physics,N/A,2026,journal,OpenAlex Sources API,https://openalex.org/S2764860693,https://openalex.org/S2764860693,https://openalex.org/S2764860693,Rolling,Continuous,Continuous,rolling_journal,subscription_or_unknown,Fee not available,False,Japan Society of Applied Physics,Unknown,Unknown,"Semiconductor materials and devices, Photonic and Optical Devices, GaN-based semiconductor devices and materials, Semiconductor materials and interfaces, Semiconductor Quantum Structures and Devices, Silicon and Solar Cell Technologies, Semiconductor Lasers and Optical Devices, Thin-Film Transistor Technologies",General Research,General Research,55102.0,605.0,6.0,0.0,0.21,Q4,95805,6291.7,8.39,Low,95.0,95.0,OpenAlex live API,yes,OpenAlex live data with automatic fallback enrichment.,General Research journal published by Japan Society of Applied Physics.,2026-05-26 19:39:13
335,日本外科学会雑誌,N/A,2026,journal,OpenAlex Sources API,https://openalex.org/S4306550603,http://journal.jssoc.or.jp,http://journal.jssoc.or.jp,Rolling,Continuous,Continuous,rolling_journal,subscription_or_unknown,Fee not available,False,Unknown Publisher,Unknown,Unknown,"Legal and Regulatory Analysis, Linguistic, Cultural, and Literary Studies, Military Technology and Strategies, Diverse Scientific and Economic Studies, Cancer Treatment and Pharmacology, Medical Imaging Techniques and Applications, Organ Transplantation Techniques and Outcomes, Pancreatic and Hepatic Oncology Research",General Research,General Research,37024.0,420.0,8.0,0.0,0.19,Q4,96285,4628.4,7.43,Low,95.0,95.0,OpenAlex live API,yes,OpenAlex live data with automatic fallback enrichment.,General Research journal published by Unknown Publisher.,2026-05-26 19:39:57
297,Chemischer Informationsdienst Organische Chemie,N/A,2026,journal,OpenAlex Sources API,https://openalex.org/S4393914274,https://openalex.org/S4393914274,https://openalex.org/S4393914274,Rolling,Continuous,Continuous,rolling_journal,subscription_or_unknown,Fee not available,False,Unknown Publisher,Unknown,"0300-5151, 2199-2932","Inorganic and Organometallic Chemistry, Chemical Synthesis and Analysis, Asymmetric Synthesis and Catalysis, Chemical Synthesis and Reactions, Fluorine in Organic Chemistry, Chemical Reactions and Mechanisms, Synthesis and characterization of novel inorganic/organometallic compounds, Synthesis and Reactions of Organic Compounds",General Research,General Research,40461.0,502.0,7.0,0.0,0.18,Q4,96325,4896.7,7.35,Low,95.0,95.0,OpenAlex live API,yes,OpenAlex live data with automatic fallback enrichment.,General Research journal published by Unknown Publisher.,2026-05-26 19:39:48
387,대한전기학회 학술대회 논문집,N/A,2026,journal,OpenAlex Sources API,https://openalex.org/S4306495346,https://openalex.org/S4306495346,https://openalex.org/S4306495346,Rolling,Continuous,Continuous,rolling_journal,subscription_or_unknown,Fee not available,False,Unknown Publisher,Unknown,Unknown,"Legal and Regulatory Analysis, Linguistic, Cultural, and Literary Studies, Military Technology and Strategies, Engineering Applied Research, Internet of Things and Social Network Interactions, Electric Motor Design and Analysis, Innovation in Digital Healthcare Systems, Power Systems and Technologies",General Research,General Research,33829.0,1664.0,7.0,0.0,0.18,Q4,96485,4582.1,7.03,Low,95.0,95.0,OpenAlex live API,yes,OpenAlex live data with automatic fallback enrichment.,General Research journal published by Unknown Publisher.,2026-05-26 19:40:12
353,대한전자공학회 학술대회,N/A,2026,journal,OpenAlex Sources API,https://openalex.org/S4306495813,https://openalex.org/S4306495813,https://openalex.org/S4306495813,Rolling,Continuous,Continuous,rolling_journal,subscription_or_unknown,Fee not available,False,Unknown Publisher,Unknown,Unknown,"Legal and Regulatory Analysis, Linguistic, Cultural, and Literary Studies, Military Technology and Strategies, Engineering Applied Research, Internet of Things and Social Network Interactions, Innovation in Digital Healthcare Systems, Advancements in Semiconductor Devices and Circuit Design, Advanced Data Compression Techniques",General Research,General Research,35687.0,1163.0,6.0,0.0,0.17,Q4,96690,4517.6,6.62,Low,95.0,95.0,OpenAlex live API,yes,OpenAlex live data with automatic fallback enrichment.,General Research journal published by Unknown Publisher.,2026-05-26 19:40:01
245,電子情報通信学会総合大会講演論文集,N/A,2026,journal,OpenAlex Sources API,https://openalex.org/S4306559780,https://openalex.org/S4306559780,https://openalex.org/S4306559780,Rolling,Continuous,Continuous,rolling_journal,subscription_or_unknown,Fee not available,False,Unknown Publisher,Unknown,Unknown,"Legal and Regulatory Analysis, Military Technology and Strategies, Linguistic, Cultural, and Literary Studies, Optical Network Technologies, Semiconductor Lasers and Optical Devices, Wireless Communication Networks Research, Photonic and Optical Devices, Antenna Design and Analysis",General Research,General Research,45746.0,215.0,4.0,0.0,0.16,Q4,96780,5039.1,6.44,Low,95.0,95.0,OpenAlex live API,yes,OpenAlex live data with automatic fallback enrichment.,General Research journal published by Unknown Publisher.,2026-05-26 19:39:36
377,日本小児外科学会雑誌,N/A,2026,journal,OpenAlex Sources API,https://openalex.org/S4306550742,https://openalex.org/S4306550742,https://openalex.org/S4306550742,Rolling,Continuous,Continuous,rolling_journal,subscription_or_unknown,Fee not available,False,Unknown Publisher,Unknown,Unknown,"Legal and Regulatory Analysis, Military Technology and Strategies, Linguistic, Cultural, and Literary Studies, Congenital gastrointestinal and neural anomalies, Diverse Scientific and Economic Studies, Educational Robotics and Engineering, Intestinal Malrotation and Obstruction Disorders, Diverse Approaches in Healthcare and Education Studies",General Research,General Research,34444.0,287.0,5.0,0.0,0.14,Q4,97110,4030.5,5.78,Low,95.0,95.0,OpenAlex live API,yes,OpenAlex live data with automatic fallback enrichment.,General Research journal published by Unknown Publisher.,2026-05-26 19:40:09
307,エコノミスト,N/A,2026,journal,OpenAlex Sources API,https://openalex.org/S4306494814,https://openalex.org/S4306494814,https://openalex.org/S4306494814,Rolling,Continuous,Continuous,rolling_journal,subscription_or_unknown,Fee not available,False,Unknown Publisher,Unknown,Unknown,"Legal and Regulatory Analysis, Linguistic, Cultural, and Literary Studies, Military Technology and Strategies, Diverse Scientific and Economic Studies, Educational Robotics and Engineering, Japanese History and Culture, Social and Cultural Studies, Fusion and Plasma Physics Studies",General Research,General Research,39608.0,5.0,1.0,0.0,0.11,Q4,97795,4062.3,4.41,Low,95.0,95.0,OpenAlex live API,yes,OpenAlex live data with automatic fallback enrichment.,General Research journal published by Unknown Publisher.,2026-05-26 19:39:50
